rainfall_24h,rainfall_72h,max_hourly_rain,humidity,temperature,current_rain,original_risk_label,flood_risk
0.6,0.6,0.3,84.0,18.55,0.0,LOW,LOW
0.0,0.6,0.0,78.25,19.47,0.0,LOW,LOW
0.0,0.6,0.0,77.29,19.44,0.0,LOW,LOW
0.0,0.0,0.0,75.21,19.53,0.0,LOW,LOW
0.0,0.0,0.0,74.54,17.59,0.0,LOW,LOW
0.0,0.0,0.0,72.92,18.56,0.0,LOW,LOW
0.0,0.0,0.0,75.17,18.87,0.0,LOW,LOW
0.0,0.0,0.0,65.29,13.19,0.0,LOW,LOW
0.0,0.0,0.0,76.25,11.75,0.0,LOW,LOW
0.0,0.0,0.0,78.25,11.42,0.0,LOW,LOW
0.0,0.0,0.0,79.71,11.47,0.0,LOW,LOW
0.0,0.0,0.0,81.88,12.73,0.0,LOW,LOW
0.0,0.0,0.0,78.17,13.56,0.0,LOW,LOW
0.0,0.0,0.0,82.58,13.17,0.0,LOW,LOW
0.0,0.0,0.0,83.29,14.16,0.0,LOW,LOW
0.0,0.0,0.0,81.46,16.2,0.0,LOW,LOW
0.0,0.0,0.0,75.71,15.63,0.0,LOW,LOW
0.0,0.0,0.0,74.83,14.58,0.0,LOW,LOW
0.0,0.0,0.0,86.75,12.77,0.0,LOW,LOW
0.0,0.0,0.0,83.42,13.26,0.0,LOW,LOW
0.0,0.0,0.0,85.5,14.4,0.0,LOW,LOW
0.0,0.0,0.0,81.46,14.05,0.0,LOW,LOW
0.0,0.0,0.0,77.92,12.04,0.0,LOW,LOW
0.0,0.0,0.0,75.17,13.16,0.0,LOW,LOW
0.0,0.0,0.0,80.12,11.95,0.0,LOW,LOW
0.0,0.0,0.0,76.42,12.83,0.0,LOW,LOW
0.0,0.0,0.0,75.75,12.62,0.0,LOW,LOW
0.0,0.0,0.0,73.96,12.42,0.0,LOW,LOW
0.0,0.0,0.0,73.12,13.85,0.0,LOW,LOW
0.0,0.0,0.0,74.88,15.25,0.0,LOW,LOW
0.0,0.0,0.0,76.96,16.0,0.0,LOW,LOW
0.1,0.1,0.1,73.5,18.25,0.0,LOW,LOW
3.1,3.2,0.6,79.83,16.93,0.0,LOW,LOW
0.1,3.3,0.1,72.04,15.65,0.0,LOW,LOW
0.0,3.2,0.0,74.58,14.76,0.0,LOW,LOW
0.0,0.1,0.0,77.25,15.35,0.0,LOW,LOW
0.0,0.0,0.0,75.38,16.86,0.0,LOW,LOW
0.0,0.0,0.0,75.5,17.71,0.0,LOW,LOW
0.0,0.0,0.0,77.08,18.14,0.0,LOW,LOW
0.0,0.0,0.0,77.67,17.83,0.0,LOW,LOW
0.0,0.0,0.0,74.96,18.08,0.0,LOW,LOW
0.0,0.0,0.0,68.04,18.33,0.0,LOW,LOW
0.0,0.0,0.0,66.33,18.9,0.0,LOW,LOW
0.2,0.2,0.1,67.0,19.92,0.0,LOW,LOW
0.0,0.2,0.0,67.83,19.52,0.0,LOW,LOW
0.0,0.2,0.0,66.5,19.45,0.0,LOW,LOW
0.0,0.0,0.0,63.42,19.66,0.0,LOW,LOW
0.0,0.0,0.0,62.46,19.47,0.0,LOW,LOW
0.0,0.0,0.0,66.29,19.38,0.0,LOW,LOW
0.0,0.0,0.0,62.33,20.45,0.0,LOW,LOW
0.0,0.0,0.0,59.92,21.43,0.0,LOW,LOW
0.0,0.0,0.0,53.33,22.52,0.0,LOW,LOW
0.0,0.0,0.0,48.0,24.1,0.0,LOW,LOW
0.0,0.0,0.0,46.17,24.66,0.0,LOW,LOW
0.0,0.0,0.0,43.79,24.96,0.0,LOW,LOW
0.0,0.0,0.0,41.29,25.32,0.0,LOW,LOW
0.0,0.0,0.0,38.46,23.67,0.0,LOW,LOW
0.0,0.0,0.0,39.62,21.87,0.0,LOW,LOW
0.0,0.0,0.0,40.12,21.95,0.0,LOW,LOW
0.0,0.0,0.0,47.5,22.72,0.0,LOW,LOW
0.0,0.0,0.0,46.71,23.79,0.0,LOW,LOW
0.0,0.0,0.0,36.38,23.32,0.0,LOW,LOW
0.0,0.0,0.0,41.21,24.37,0.0,LOW,LOW
0.0,0.0,0.0,52.12,25.23,0.0,LOW,LOW
0.0,0.0,0.0,52.54,25.53,0.0,LOW,LOW
0.0,0.0,0.0,55.0,25.32,0.0,LOW,LOW
0.0,0.0,0.0,50.46,25.96,0.0,LOW,LOW
0.5,0.5,0.5,60.42,24.08,0.0,LOW,LOW
0.0,0.5,0.0,62.0,24.31,0.0,LOW,LOW
0.0,0.5,0.0,52.29,24.49,0.0,LOW,LOW
0.0,0.0,0.0,47.33,25.0,0.0,LOW,LOW
0.0,0.0,0.0,45.92,25.42,0.0,LOW,LOW
0.0,0.0,0.0,44.79,25.44,0.0,LOW,LOW
0.0,0.0,0.0,47.04,25.91,0.0,LOW,LOW
0.0,0.0,0.0,47.21,26.0,0.0,LOW,LOW
0.0,0.0,0.0,45.54,26.24,0.0,LOW,LOW
0.0,0.0,0.0,43.62,26.46,0.0,LOW,LOW
0.0,0.0,0.0,36.33,27.96,0.0,LOW,LOW
0.0,0.0,0.0,40.75,27.4,0.0,LOW,LOW
0.0,0.0,0.0,41.08,26.75,0.0,LOW,LOW
0.0,0.0,0.0,33.54,25.87,0.0,LOW,LOW
0.0,0.0,0.0,40.12,24.73,0.0,LOW,LOW
0.0,0.0,0.0,43.88,25.28,0.0,LOW,LOW
0.0,0.0,0.0,44.38,26.79,0.0,LOW,LOW
0.0,0.0,0.0,40.88,29.01,0.0,LOW,LOW
0.0,0.0,0.0,33.92,30.11,0.0,LOW,LOW
0.0,0.0,0.0,23.33,30.12,0.0,LOW,LOW
0.0,0.0,0.0,14.83,27.38,0.0,LOW,LOW
0.0,0.0,0.0,17.17,27.03,0.0,LOW,LOW
0.0,0.0,0.0,15.17,27.57,0.0,LOW,LOW
0.0,0.0,0.0,18.25,27.86,0.0,LOW,LOW
0.0,0.0,0.0,24.62,29.26,0.0,LOW,LOW
0.0,0.0,0.0,26.08,31.06,0.0,LOW,LOW
0.0,0.0,0.0,32.0,31.4,0.0,LOW,LOW
0.0,0.0,0.0,29.46,30.75,0.0,LOW,LOW
0.0,0.0,0.0,21.58,29.86,0.0,LOW,LOW
0.0,0.0,0.0,17.71,28.89,0.0,LOW,LOW
0.0,0.0,0.0,18.0,29.59,0.0,LOW,LOW
0.0,0.0,0.0,19.46,30.09,0.0,LOW,LOW
0.0,0.0,0.0,18.62,31.02,0.0,LOW,LOW
0.0,0.0,0.0,19.17,31.46,0.0,LOW,LOW
0.0,0.0,0.0,20.46,31.63,0.0,LOW,LOW
0.0,0.0,0.0,21.71,31.55,0.0,LOW,LOW
0.0,0.0,0.0,31.96,30.7,0.0,LOW,LOW
0.0,0.0,0.0,31.33,30.64,0.0,LOW,LOW
0.0,0.0,0.0,21.71,31.27,0.0,LOW,LOW
0.0,0.0,0.0,21.17,31.87,0.0,LOW,LOW
0.0,0.0,0.0,28.38,30.38,0.0,LOW,LOW
0.0,0.0,0.0,37.79,28.18,0.0,LOW,LOW
0.0,0.0,0.0,29.96,29.71,0.0,LOW,LOW
0.0,0.0,0.0,29.04,30.37,0.0,LOW,LOW
0.0,0.0,0.0,26.62,29.1,0.0,LOW,LOW
0.0,0.0,0.0,26.04,29.89,0.0,LOW,LOW
0.0,0.0,0.0,21.62,31.25,0.0,LOW,LOW
0.0,0.0,0.0,24.5,32.84,0.0,LOW,LOW
0.0,0.0,0.0,39.71,30.69,0.0,LOW,LOW
0.0,0.0,0.0,44.21,30.39,0.0,LOW,LOW
0.0,0.0,0.0,41.79,30.96,0.0,LOW,LOW
0.1,0.1,0.1,44.71,30.67,0.0,LOW,LOW
0.1,0.2,0.1,49.0,29.83,0.0,LOW,LOW
0.0,0.2,0.0,40.79,31.85,0.0,LOW,LOW
0.0,0.1,0.0,51.83,30.5,0.0,LOW,LOW
0.0,0.0,0.0,50.33,30.72,0.0,LOW,LOW
0.7,0.7,0.7,54.38,29.62,0.0,LOW,LOW
0.0,0.7,0.0,50.88,30.2,0.0,LOW,LOW
0.0,0.7,0.0,46.33,31.02,0.0,LOW,LOW
0.5,0.5,0.5,52.62,30.35,0.0,LOW,LOW
0.2,0.7,0.2,46.83,31.02,0.0,LOW,LOW
2.5,3.2,2.5,55.88,29.78,0.0,LOW,LOW
0.5,3.2,0.4,65.71,27.52,0.0,LOW,LOW
0.0,3.0,0.0,60.62,28.76,0.0,LOW,LOW
0.0,0.5,0.0,48.29,30.97,0.0,LOW,LOW
0.0,0.0,0.0,43.88,31.99,0.0,LOW,LOW
0.5,0.5,0.4,50.08,30.65,0.4,LOW,LOW
4.2,4.7,2.4,68.0,27.31,0.0,LOW,LOW
21.5,26.2,3.9,86.29,23.88,0.1,LOW,MEDIUM
16.6,42.3,5.8,90.0,25.32,0.0,LOW,MEDIUM
0.7,38.8,0.6,78.0,26.68,0.0,LOW,LOW
0.0,17.3,0.0,70.92,28.13,0.0,LOW,LOW
0.0,0.7,0.0,61.79,29.48,0.0,LOW,LOW
0.0,0.0,0.0,49.42,29.75,0.0,LOW,LOW
0.0,0.0,0.0,48.38,29.97,0.0,LOW,LOW
0.0,0.0,0.0,67.12,30.45,0.0,LOW,LOW
0.0,0.0,0.0,66.46,29.05,0.0,LOW,LOW
0.8,0.8,0.4,76.5,26.82,0.0,LOW,LOW
3.2,4.0,0.6,84.08,25.02,0.0,LOW,LOW
0.0,4.0,0.0,76.21,27.97,0.0,LOW,LOW
0.0,3.2,0.0,68.12,30.88,0.0,LOW,LOW
7.7,7.7,5.6,72.08,30.13,0.0,LOW,LOW
0.0,7.7,0.0,70.88,30.01,0.0,LOW,LOW
0.1,7.8,0.1,66.46,30.76,0.0,LOW,LOW
0.0,0.1,0.0,64.5,31.5,0.0,LOW,LOW
0.0,0.1,0.0,55.75,31.44,0.0,LOW,LOW
0.1,0.1,0.1,48.38,33.3,0.0,LOW,LOW
0.0,0.1,0.0,43.83,34.02,0.0,LOW,LOW
0.3,0.4,0.2,50.79,33.26,0.0,LOW,LOW
0.0,0.3,0.0,63.42,31.65,0.0,LOW,LOW
4.8,5.1,1.4,77.92,28.99,0.0,LOW,LOW
2.3,7.1,0.9,75.67,29.77,0.0,LOW,LOW
2.1,9.2,1.6,77.42,29.03,0.0,LOW,LOW
5.4,9.8,1.3,85.79,26.88,0.1,LOW,LOW
31.0,38.5,6.4,87.88,26.57,0.3,LOW,MEDIUM
5.4,41.8,0.7,88.46,26.68,0.0,LOW,LOW
1.4,37.8,0.4,80.79,28.45,0.0,LOW,LOW
10.7,17.5,3.3,89.21,26.87,0.8,LOW,LOW
17.1,29.2,4.0,89.12,26.31,0.1,LOW,MEDIUM
17.8,45.6,3.2,92.0,25.79,0.0,LOW,MEDIUM
0.8,35.7,0.2,82.96,27.04,0.0,LOW,LOW
11.7,30.3,4.6,80.46,28.4,0.0,LOW,LOW
0.7,13.2,0.1,78.96,29.96,0.0,LOW,LOW
6.2,18.6,2.3,82.92,28.76,0.0,LOW,LOW
7.3,14.2,2.3,86.29,27.75,0.0,LOW,LOW
1.3,14.8,0.9,85.62,27.92,0.0,LOW,LOW
5.8,14.4,2.5,84.33,27.99,0.0,LOW,LOW
2.0,9.1,1.0,83.54,28.58,0.0,LOW,LOW
2.0,9.8,1.2,82.58,29.09,0.0,LOW,LOW
0.0,4.0,0.0,72.5,31.64,0.0,LOW,LOW
0.0,2.0,0.0,59.71,33.37,0.0,LOW,LOW
0.0,0.0,0.0,53.92,34.24,0.0,LOW,LOW
0.0,0.0,0.0,58.17,33.38,0.0,LOW,LOW
0.8,0.8,0.4,76.5,29.8,0.1,LOW,LOW
0.0,0.8,0.0,73.17,31.15,0.0,LOW,LOW
0.9,1.7,0.2,75.54,31.29,0.0,LOW,LOW
0.2,1.1,0.1,72.88,32.17,0.0,LOW,LOW
0.0,1.1,0.0,66.17,33.18,0.0,LOW,LOW
0.2,0.4,0.1,76.17,30.97,0.0,LOW,LOW
6.3,6.5,2.9,80.33,29.04,0.0,LOW,LOW
5.7,12.2,2.3,78.04,30.04,0.0,LOW,LOW
12.1,24.1,5.5,82.71,28.83,0.3,LOW,LOW
8.5,26.3,5.1,80.08,29.51,0.0,LOW,LOW
0.0,20.6,0.0,74.04,31.26,0.0,LOW,LOW
0.2,8.7,0.1,74.17,30.87,0.0,LOW,LOW
3.5,3.7,1.4,74.5,30.87,0.0,LOW,LOW
1.4,5.1,0.3,73.25,31.5,0.0,LOW,LOW
2.8,7.7,1.3,83.21,30.3,0.3,LOW,LOW
26.6,30.8,4.6,90.71,27.8,0.0,LOW,MEDIUM
6.3,35.7,0.9,84.71,28.32,0.5,LOW,LOW
16.4,49.3,5.9,88.79,27.95,0.6,LOW,MEDIUM
8.9,31.6,3.5,85.83,28.26,0.0,LOW,LOW
16.4,41.7,2.9,87.42,28.29,1.4,LOW,MEDIUM
7.6,32.9,1.9,83.46,29.82,0.0,LOW,LOW
0.3,24.3,0.1,74.25,30.51,0.0,LOW,LOW
1.0,8.9,0.2,74.58,30.29,0.0,LOW,LOW
7.4,8.7,2.0,83.83,29.51,1.1,LOW,LOW
20.9,29.3,5.1,88.62,28.68,1.3,LOW,MEDIUM
39.1,67.4,15.9,86.42,27.77,0.1,LOW,HIGH
16.2,76.2,3.6,88.46,28.09,0.0,LOW,MEDIUM
0.5,55.8,0.2,83.88,28.63,0.0,LOW,MEDIUM
4.9,21.6,2.1,83.04,28.53,0.0,LOW,LOW
5.1,10.5,1.1,82.29,27.65,0.0,LOW,LOW
0.6,10.6,0.2,78.29,28.48,0.0,LOW,LOW
0.3,6.0,0.1,76.71,28.42,0.0,LOW,LOW
0.9,1.8,0.3,76.0,28.55,0.0,LOW,LOW
0.7,1.9,0.2,78.96,29.16,0.0,LOW,LOW
7.4,9.0,4.7,84.46,29.28,0.0,LOW,LOW
10.3,18.4,3.8,86.67,28.69,3.8,LOW,LOW
18.9,36.6,4.9,88.33,28.28,0.2,LOW,MEDIUM
13.1,42.3,4.4,90.88,27.64,0.0,LOW,MEDIUM
10.8,42.8,3.4,89.75,27.74,0.0,LOW,MEDIUM
3.1,27.0,0.8,82.0,29.42,0.1,LOW,LOW
0.8,14.7,0.2,82.08,29.15,0.1,LOW,LOW
0.3,4.2,0.1,79.62,29.24,0.1,LOW,LOW
3.3,4.4,1.4,76.75,29.64,0.1,LOW,LOW
1.5,5.1,0.8,78.29,29.72,0.0,LOW,LOW
0.4,5.2,0.2,77.5,30.36,0.0,LOW,LOW
0.9,2.8,0.2,80.83,30.24,0.2,LOW,LOW
6.4,7.7,1.4,86.5,28.88,0.0,LOW,LOW
16.4,23.7,4.2,87.92,28.11,0.2,LOW,MEDIUM
12.9,35.7,1.9,89.25,27.38,1.7,LOW,LOW
8.1,37.4,2.3,88.42,27.63,0.0,LOW,LOW
4.6,25.6,2.9,87.75,28.26,0.0,LOW,LOW
3.7,16.4,1.5,85.79,28.96,0.4,LOW,LOW
9.8,18.1,2.1,88.29,28.32,0.0,LOW,LOW
9.4,22.9,3.3,82.25,29.28,0.2,LOW,LOW
0.0,19.2,0.0,72.42,29.89,0.0,LOW,LOW
0.7,10.1,0.3,80.33,28.04,0.0,LOW,LOW
1.6,2.3,0.5,86.62,27.82,0.0,LOW,LOW
7.8,10.1,2.1,88.0,27.5,0.0,LOW,LOW
10.6,20.0,2.6,88.04,27.07,0.0,LOW,LOW
5.8,24.2,2.7,86.88,27.83,0.0,LOW,LOW
5.5,21.9,4.1,84.54,28.7,0.0,LOW,LOW
1.9,13.2,0.6,81.46,29.55,0.0,LOW,LOW
3.7,11.1,1.7,86.54,28.4,0.4,LOW,LOW
5.6,11.2,1.6,86.25,28.18,0.0,LOW,LOW
0.0,9.3,0.0,83.33,29.37,0.0,LOW,LOW
0.9,6.5,0.4,83.54,29.63,0.0,LOW,LOW
0.9,1.8,0.2,78.83,29.22,0.0,LOW,LOW
4.0,5.8,1.2,82.12,28.16,0.0,LOW,LOW
9.6,14.5,2.3,85.54,27.93,2.3,LOW,LOW
6.6,20.2,1.6,87.83,27.25,0.0,LOW,LOW
8.4,24.6,2.7,86.29,28.15,0.0,LOW,LOW
3.2,18.2,0.9,83.67,28.8,0.0,LOW,LOW
4.0,15.6,1.7,82.17,29.3,0.0,LOW,LOW
3.6,10.8,1.1,77.08,28.88,0.0,LOW,LOW
30.0,37.6,7.5,85.25,26.14,1.0,LOW,MEDIUM
130.2,163.8,18.1,93.04,24.96,0.7,HIGH,HIGH
15.1,175.3,3.9,90.96,26.24,0.1,MEDIUM,HIGH
3.1,148.4,0.5,86.67,27.73,0.0,MEDIUM,HIGH
0.8,19.0,0.2,80.92,28.77,0.0,LOW,LOW
1.6,5.5,0.5,81.62,28.7,0.0,LOW,LOW
5.7,8.1,1.5,85.21,28.1,0.0,LOW,LOW
2.5,9.8,0.8,85.71,27.75,0.0,LOW,LOW
1.9,10.1,0.8,82.17,27.87,0.1,LOW,LOW
29.5,33.9,9.1,93.12,26.03,0.0,LOW,MEDIUM
13.8,45.2,4.1,91.71,26.25,0.0,LOW,MEDIUM
11.5,54.8,3.8,87.67,27.3,0.0,LOW,MEDIUM
2.7,28.0,1.1,82.42,28.92,0.0,LOW,LOW
5.0,19.2,2.2,83.58,28.34,0.0,LOW,LOW
1.8,9.5,0.7,84.0,28.14,0.0,LOW,LOW
0.4,7.2,0.1,81.42,28.23,0.0,LOW,LOW
2.0,4.2,1.3,84.83,27.56,0.0,LOW,LOW
9.1,11.5,6.1,89.42,26.95,0.0,LOW,MEDIUM
0.8,11.9,0.6,84.04,28.35,0.0,LOW,LOW
2.2,12.1,0.8,84.58,28.35,0.0,LOW,LOW
1.3,4.3,0.5,86.46,27.86,0.0,LOW,LOW
0.1,3.6,0.1,86.42,27.92,0.0,LOW,LOW
0.8,2.2,0.2,81.12,27.85,0.0,LOW,LOW
0.0,0.9,0.0,77.88,26.91,0.0,LOW,LOW
0.0,0.8,0.0,75.58,27.25,0.0,LOW,LOW
0.0,0.0,0.0,71.71,27.87,0.0,LOW,LOW
0.0,0.0,0.0,73.33,27.78,0.0,LOW,LOW
0.0,0.0,0.0,72.96,27.72,0.0,LOW,LOW
0.0,0.0,0.0,72.08,28.0,0.0,LOW,LOW
0.0,0.0,0.0,66.08,26.69,0.0,LOW,LOW
0.0,0.0,0.0,72.0,26.65,0.0,LOW,LOW
1.6,1.6,1.6,74.62,28.38,0.0,LOW,LOW
8.9,10.5,4.6,82.25,27.87,0.0,LOW,LOW
24.4,34.9,5.6,89.38,25.59,1.0,LOW,MEDIUM
21.7,55.0,10.8,84.33,25.47,0.0,LOW,MEDIUM
0.0,46.1,0.0,75.21,25.22,0.0,LOW,MEDIUM
0.0,21.7,0.0,71.46,24.68,0.0,LOW,LOW
0.0,0.0,0.0,71.29,23.66,0.0,LOW,LOW
0.0,0.0,0.0,70.62,24.72,0.0,LOW,LOW
0.0,0.0,0.0,71.38,24.32,0.0,LOW,LOW
0.0,0.0,0.0,70.25,23.96,0.0,LOW,LOW
0.0,0.0,0.0,72.21,22.93,0.0,LOW,LOW
0.0,0.0,0.0,71.71,21.43,0.0,LOW,LOW
0.0,0.0,0.0,73.08,21.39,0.0,LOW,LOW
0.0,0.0,0.0,72.29,21.71,0.0,LOW,LOW
0.0,0.0,0.0,69.12,22.35,0.0,LOW,LOW
0.0,0.0,0.0,65.38,21.34,0.0,LOW,LOW
0.0,0.0,0.0,67.29,21.85,0.0,LOW,LOW
0.0,0.0,0.0,68.29,21.48,0.0,LOW,LOW
0.0,0.0,0.0,69.21,21.19,0.0,LOW,LOW
0.0,0.0,0.0,74.62,21.32,0.0,LOW,LOW
0.0,0.0,0.0,69.54,21.85,0.0,LOW,LOW
0.0,0.0,0.0,63.04,21.07,0.0,LOW,LOW
0.0,0.0,0.0,69.54,20.8,0.0,LOW,LOW
0.0,0.0,0.0,73.92,20.53,0.0,LOW,LOW
0.0,0.0,0.0,74.29,20.42,0.0,LOW,LOW
0.0,0.0,0.0,74.17,20.47,0.0,LOW,LOW
0.0,0.0,0.0,71.96,20.98,0.0,LOW,LOW
0.0,0.0,0.0,70.71,20.64,0.0,LOW,LOW
0.0,0.0,0.0,72.0,20.63,0.0,LOW,LOW
0.0,0.0,0.0,70.21,19.93,0.0,LOW,LOW
0.0,0.0,0.0,66.38,19.95,0.0,LOW,LOW
0.0,0.0,0.0,68.25,19.67,0.0,LOW,LOW
0.0,0.0,0.0,70.54,19.51,0.0,LOW,LOW
0.0,0.0,0.0,69.62,19.77,0.0,LOW,LOW
0.6,0.6,0.3,73.21,20.28,0.0,LOW,LOW
0.7,1.3,0.4,75.08,20.75,0.0,LOW,LOW
0.0,1.3,0.0,67.42,21.27,0.0,LOW,LOW
0.0,0.7,0.0,60.38,19.82,0.0,LOW,LOW
0.0,0.0,0.0,61.21,18.18,0.0,LOW,LOW
0.0,0.0,0.0,66.25,18.68,0.0,LOW,LOW
0.0,0.0,0.0,69.0,18.55,0.0,LOW,LOW
0.0,0.0,0.0,75.08,17.84,0.0,LOW,LOW
0.0,0.0,0.0,72.42,18.75,0.0,LOW,LOW
0.0,0.0,0.0,73.83,18.53,0.0,LOW,LOW
0.0,0.0,0.0,74.54,18.74,0.0,LOW,LOW
0.0,0.0,0.0,72.33,17.85,0.0,LOW,LOW
0.0,0.0,0.0,75.04,17.87,0.0,LOW,LOW
0.0,0.0,0.0,74.25,19.53,0.0,LOW,LOW
0.3,0.3,0.3,72.29,19.17,0.0,LOW,LOW
0.0,0.3,0.0,80.21,18.72,0.0,LOW,LOW
0.0,0.3,0.0,74.42,20.09,0.0,LOW,LOW
0.0,0.0,0.0,73.92,20.95,0.0,LOW,LOW
0.0,0.0,0.0,66.5,19.38,0.0,LOW,LOW
0.0,0.0,0.0,69.79,16.89,0.0,LOW,LOW
0.0,0.0,0.0,67.71,16.62,0.0,LOW,LOW
0.0,0.0,0.0,69.75,16.16,0.0,LOW,LOW
0.0,0.0,0.0,70.33,16.15,0.0,LOW,LOW
0.0,0.0,0.0,72.0,15.03,0.0,LOW,LOW
0.0,0.0,0.0,71.12,15.1,0.0,LOW,LOW
0.0,0.0,0.0,71.21,15.54,0.0,LOW,LOW
0.0,0.0,0.0,72.33,16.23,0.0,LOW,LOW
0.0,0.0,0.0,69.58,17.47,0.0,LOW,LOW
0.6,0.6,0.2,54.71,17.08,0.0,LOW,LOW
0.0,0.6,0.0,57.5,12.82,0.0,LOW,LOW
0.0,0.6,0.0,71.96,11.75,0.0,LOW,LOW
0.0,0.0,0.0,74.67,11.63,0.0,LOW,LOW
0.0,0.0,0.0,74.29,12.16,0.0,LOW,LOW
0.0,0.0,0.0,74.25,13.07,0.0,LOW,LOW
0.0,0.0,0.0,68.92,14.35,0.0,LOW,LOW
0.0,0.0,0.0,71.29,14.98,0.0,LOW,LOW
0.0,0.0,0.0,72.08,15.5,0.0,LOW,LOW
0.0,0.0,0.0,75.33,15.51,0.0,LOW,LOW
0.0,0.0,0.0,74.17,16.82,0.0,LOW,LOW
9.0,9.0,5.1,86.46,14.92,5.1,LOW,LOW
4.7,13.7,2.0,85.96,14.15,0.0,LOW,LOW
0.6,14.3,0.2,78.46,15.16,0.0,LOW,LOW
0.0,5.3,0.0,79.96,13.95,0.0,LOW,LOW
0.0,0.6,0.0,74.71,13.27,0.0,LOW,LOW
0.0,0.0,0.0,78.21,12.61,0.0,LOW,LOW
0.0,0.0,0.0,81.88,12.84,0.0,LOW,LOW
0.0,0.0,0.0,77.42,14.65,0.0,LOW,LOW
0.0,0.0,0.0,82.62,15.42,0.0,LOW,LOW
11.6,11.6,2.8,88.83,15.67,2.8,LOW,LOW
3.4,15.0,2.6,89.33,15.9,0.0,LOW,LOW
6.7,21.7,1.4,92.67,16.0,0.0,LOW,LOW
0.4,10.5,0.2,90.0,16.21,0.0,LOW,LOW
0.2,7.3,0.1,90.0,15.85,0.0,LOW,LOW
0.0,0.6,0.0,88.54,14.97,0.0,LOW,LOW
0.0,0.2,0.0,77.25,14.58,0.0,LOW,LOW
0.0,0.0,0.0,79.12,12.25,0.0,LOW,LOW
0.0,0.0,0.0,80.79,11.46,0.0,LOW,LOW
0.0,0.0,0.0,80.88,10.76,0.0,LOW,LOW
0.0,0.0,0.0,85.12,10.22,0.0,LOW,LOW
0.0,0.0,0.0,86.88,10.04,0.0,LOW,LOW
0.0,0.0,0.0,87.71,10.18,0.0,LOW,LOW
0.0,0.0,0.0,88.75,10.48,0.0,LOW,LOW
0.9,0.9,0.6,88.29,11.85,0.0,LOW,LOW
0.1,1.0,0.1,86.08,13.81,0.0,LOW,LOW
2.9,3.9,1.0,87.29,13.68,0.0,LOW,LOW
1.7,4.7,0.7,87.71,14.85,0.0,LOW,LOW
1.1,5.7,0.5,86.46,13.78,0.0,LOW,LOW
0.0,2.8,0.0,77.17,12.68,0.0,LOW,LOW
0.0,1.1,0.0,75.62,11.15,0.0,LOW,LOW
0.0,0.0,0.0,77.29,12.02,0.0,LOW,LOW
0.0,0.0,0.0,74.04,12.51,0.0,LOW,LOW
0.0,0.0,0.0,74.58,12.73,0.0,LOW,LOW
0.0,0.0,0.0,76.12,14.05,0.0,LOW,LOW
0.0,0.0,0.0,84.42,13.57,0.0,LOW,LOW
0.0,0.0,0.0,84.12,14.76,0.0,LOW,LOW
0.0,0.0,0.0,79.54,14.27,0.0,LOW,LOW
17.7,17.7,5.7,81.04,15.68,0.0,LOW,MEDIUM
1.3,19.0,0.5,81.83,14.02,0.0,LOW,LOW
0.0,19.0,0.0,80.88,11.95,0.0,LOW,LOW
0.0,1.3,0.0,80.08,12.9,0.0,LOW,LOW
0.0,0.0,0.0,78.04,14.4,0.0,LOW,LOW
0.0,0.0,0.0,80.25,15.75,0.0,LOW,LOW
0.3,0.3,0.1,84.29,15.68,0.0,LOW,LOW
0.0,0.3,0.0,78.79,14.62,0.0,LOW,LOW
0.0,0.3,0.0,67.33,14.97,0.0,LOW,LOW
0.0,0.0,0.0,69.75,14.7,0.0,LOW,LOW
0.0,0.0,0.0,73.46,14.34,0.0,LOW,LOW
0.0,0.0,0.0,75.21,15.1,0.0,LOW,LOW
0.0,0.0,0.0,74.04,16.13,0.0,LOW,LOW
0.0,0.0,0.0,69.96,16.97,0.0,LOW,LOW
0.0,0.0,0.0,68.92,16.9,0.0,LOW,LOW
0.0,0.0,0.0,65.58,17.28,0.0,LOW,LOW
0.0,0.0,0.0,57.62,18.03,0.0,LOW,LOW
0.0,0.0,0.0,52.0,18.29,0.0,LOW,LOW
0.0,0.0,0.0,57.5,17.66,0.0,LOW,LOW
0.0,0.0,0.0,59.25,18.46,0.0,LOW,LOW
0.0,0.0,0.0,62.92,20.39,0.0,LOW,LOW
0.0,0.0,0.0,64.88,20.77,0.0,LOW,LOW
0.0,0.0,0.0,63.12,19.86,0.0,LOW,LOW
0.0,0.0,0.0,62.0,20.47,0.0,LOW,LOW
0.0,0.0,0.0,58.62,20.5,0.0,LOW,LOW
0.0,0.0,0.0,60.29,18.75,0.0,LOW,LOW
0.0,0.0,0.0,64.0,18.68,0.0,LOW,LOW
0.0,0.0,0.0,59.17,19.46,0.0,LOW,LOW
0.0,0.0,0.0,61.88,20.06,0.0,LOW,LOW
0.0,0.0,0.0,52.33,22.32,0.0,LOW,LOW
0.0,0.0,0.0,58.71,21.07,0.0,LOW,LOW
0.0,0.0,0.0,64.17,20.35,0.0,LOW,LOW
0.0,0.0,0.0,59.5,21.3,0.0,LOW,LOW
0.0,0.0,0.0,56.38,21.59,0.0,LOW,LOW
0.0,0.0,0.0,48.62,23.2,0.0,LOW,LOW
0.0,0.0,0.0,45.38,23.88,0.0,LOW,LOW
0.0,0.0,0.0,50.62,23.6,0.0,LOW,LOW
0.0,0.0,0.0,49.75,23.46,0.0,LOW,LOW
0.0,0.0,0.0,52.21,24.18,0.0,LOW,LOW
0.0,0.0,0.0,54.33,25.82,0.0,LOW,LOW
0.0,0.0,0.0,59.08,26.22,0.0,LOW,LOW
0.0,0.0,0.0,57.21,27.85,0.0,LOW,LOW
0.0,0.0,0.0,58.38,28.2,0.0,LOW,LOW
0.0,0.0,0.0,52.17,28.69,0.0,LOW,LOW
0.0,0.0,0.0,53.62,28.77,0.0,LOW,LOW
0.0,0.0,0.0,45.92,29.17,0.0,LOW,LOW
0.0,0.0,0.0,37.12,29.18,0.0,LOW,LOW
0.0,0.0,0.0,31.58,28.75,0.0,LOW,LOW
0.0,0.0,0.0,33.96,27.38,0.0,LOW,LOW
0.0,0.0,0.0,37.71,28.21,0.0,LOW,LOW
0.0,0.0,0.0,29.25,28.7,0.0,LOW,LOW
0.0,0.0,0.0,23.92,28.45,0.0,LOW,LOW
0.0,0.0,0.0,25.62,28.84,0.0,LOW,LOW
0.0,0.0,0.0,26.79,28.53,0.0,LOW,LOW
0.0,0.0,0.0,26.92,29.53,0.0,LOW,LOW
0.0,0.0,0.0,41.25,29.4,0.0,LOW,LOW
0.0,0.0,0.0,48.04,30.56,0.0,LOW,LOW
0.0,0.0,0.0,37.71,31.04,0.0,LOW,LOW
0.0,0.0,0.0,27.58,29.33,0.0,LOW,LOW
0.0,0.0,0.0,33.58,30.01,0.0,LOW,LOW
0.0,0.0,0.0,16.67,30.64,0.0,LOW,LOW
0.0,0.0,0.0,20.5,30.76,0.0,LOW,LOW
0.0,0.0,0.0,20.33,30.9,0.0,LOW,LOW
0.0,0.0,0.0,20.58,31.4,0.0,LOW,LOW
0.0,0.0,0.0,20.5,31.38,0.0,LOW,LOW
0.0,0.0,0.0,19.79,31.59,0.0,LOW,LOW
0.0,0.0,0.0,40.08,31.5,0.0,LOW,LOW
0.0,0.0,0.0,37.08,32.32,0.0,LOW,LOW
0.0,0.0,0.0,42.62,32.25,0.0,LOW,LOW
0.3,0.3,0.3,46.83,32.22,0.0,LOW,LOW
0.0,0.3,0.0,24.17,32.3,0.0,LOW,LOW
0.0,0.3,0.0,23.5,32.3,0.0,LOW,LOW
0.0,0.0,0.0,19.42,32.79,0.0,LOW,LOW
0.0,0.0,0.0,17.83,33.45,0.0,LOW,LOW
0.0,0.0,0.0,17.5,33.56,0.0,LOW,LOW
0.0,0.0,0.0,22.67,33.31,0.0,LOW,LOW
0.0,0.0,0.0,22.92,33.35,0.0,LOW,LOW
0.5,0.5,0.5,45.92,31.6,0.0,LOW,LOW
0.0,0.5,0.0,29.5,32.75,0.0,LOW,LOW
0.0,0.5,0.0,20.08,32.93,0.0,LOW,LOW
0.0,0.0,0.0,16.62,33.19,0.0,LOW,LOW
0.0,0.0,0.0,17.29,33.77,0.0,LOW,LOW
0.0,0.0,0.0,17.79,34.05,0.0,LOW,LOW
0.0,0.0,0.0,19.58,33.66,0.0,LOW,LOW
0.0,0.0,0.0,19.21,34.14,0.0,LOW,LOW
0.0,0.0,0.0,27.12,34.2,0.0,LOW,LOW
0.0,0.0,0.0,36.88,32.83,0.0,LOW,LOW
11.8,11.8,9.0,54.75,30.29,0.0,LOW,MEDIUM
3.4,15.2,2.0,54.29,30.03,0.0,LOW,LOW
5.4,20.6,5.2,58.0,29.75,0.0,LOW,LOW
0.2,9.0,0.2,62.83,29.27,0.0,LOW,LOW
0.0,5.6,0.0,59.79,29.44,0.0,LOW,LOW
0.0,0.2,0.0,51.71,30.72,0.0,LOW,LOW
0.5,0.5,0.5,55.33,30.52,0.0,LOW,LOW
0.4,0.9,0.4,54.54,30.59,0.0,LOW,LOW
0.0,0.9,0.0,51.75,31.71,0.0,LOW,LOW
0.1,0.5,0.1,52.54,32.24,0.0,LOW,LOW
0.0,0.1,0.0,53.46,32.06,0.0,LOW,LOW
0.6,0.7,0.5,56.54,32.09,0.0,LOW,LOW
0.0,0.6,0.0,47.83,34.0,0.0,LOW,LOW
0.0,0.6,0.0,52.62,34.08,0.0,LOW,LOW
0.0,0.0,0.0,56.25,34.0,0.0,LOW,LOW
0.0,0.0,0.0,54.42,34.07,0.0,LOW,LOW
0.0,0.0,0.0,51.58,32.61,0.0,LOW,LOW
0.0,0.0,0.0,45.54,33.3,0.0,LOW,LOW
0.0,0.0,0.0,38.0,34.28,0.0,LOW,LOW
0.0,0.0,0.0,38.08,34.15,0.0,LOW,LOW
0.0,0.0,0.0,45.79,33.0,0.0,LOW,LOW
0.3,0.3,0.3,50.12,30.62,0.0,LOW,LOW
3.9,4.2,2.2,69.33,27.56,0.0,LOW,LOW
0.0,4.2,0.0,71.38,26.83,0.0,LOW,LOW
0.0,3.9,0.0,60.21,28.53,0.0,LOW,LOW
0.0,0.0,0.0,53.88,30.27,0.0,LOW,LOW
0.0,0.0,0.0,47.96,31.97,0.0,LOW,LOW
0.0,0.0,0.0,50.5,32.67,0.0,LOW,LOW
0.0,0.0,0.0,55.04,32.83,0.0,LOW,LOW
0.0,0.0,0.0,59.54,32.68,0.0,LOW,LOW
0.2,0.2,0.2,58.54,32.71,0.0,LOW,LOW
0.0,0.2,0.0,44.96,33.63,0.0,LOW,LOW
0.0,0.2,0.0,46.79,33.82,0.0,LOW,LOW
0.0,0.0,0.0,36.79,34.01,0.0,LOW,LOW
0.0,0.0,0.0,28.83,34.61,0.0,LOW,LOW
0.0,0.0,0.0,40.42,33.6,0.0,LOW,LOW
0.0,0.0,0.0,40.29,34.48,0.0,LOW,LOW
0.0,0.0,0.0,39.92,35.19,0.0,LOW,LOW
0.0,0.0,0.0,42.08,35.45,0.0,LOW,LOW
0.0,0.0,0.0,33.71,35.65,0.0,LOW,LOW
0.0,0.0,0.0,43.58,34.94,0.0,LOW,LOW
0.0,0.0,0.0,37.29,35.92,0.0,LOW,LOW
0.0,0.0,0.0,42.25,35.56,0.0,LOW,LOW
0.0,0.0,0.0,39.25,36.75,0.0,LOW,LOW
0.0,0.0,0.0,28.46,38.18,0.0,LOW,LOW
0.0,0.0,0.0,33.62,37.37,0.0,LOW,LOW
0.0,0.0,0.0,45.08,34.71,0.0,LOW,LOW
0.1,0.1,0.1,50.83,34.06,0.0,LOW,LOW
11.2,11.3,5.8,56.25,32.1,0.0,LOW,LOW
3.1,14.4,2.7,53.75,32.5,0.0,LOW,LOW
0.8,15.1,0.3,58.62,31.1,0.0,LOW,LOW
0.1,4.0,0.1,61.21,30.73,0.0,LOW,LOW
0.0,0.9,0.0,56.83,32.55,0.0,LOW,LOW
0.4,0.5,0.2,57.92,32.71,0.0,LOW,LOW
0.7,1.1,0.7,54.71,33.62,0.0,LOW,LOW
0.3,1.4,0.3,64.08,32.42,0.0,LOW,LOW
0.0,1.0,0.0,59.33,33.31,0.0,LOW,LOW
2.7,3.0,1.8,65.17,32.16,0.1,LOW,LOW
9.1,11.8,2.8,72.0,31.88,0.0,LOW,LOW
18.9,30.7,5.1,82.21,28.84,4.8,LOW,MEDIUM
47.7,75.7,13.2,89.08,26.87,0.3,LOW,HIGH
8.1,74.7,2.5,83.29,28.65,0.0,LOW,MEDIUM
6.9,62.7,2.7,81.83,29.24,0.0,LOW,MEDIUM
14.1,29.1,6.1,80.62,29.58,0.0,LOW,MEDIUM
4.9,25.9,4.5,75.38,30.98,0.0,LOW,LOW
0.2,19.2,0.1,68.12,32.13,0.0,LOW,LOW
4.7,9.8,4.0,68.5,32.23,0.0,LOW,LOW
0.8,5.7,0.2,65.33,31.94,0.0,LOW,LOW
0.0,5.5,0.0,64.12,32.52,0.0,LOW,LOW
1.0,1.8,0.7,71.71,30.93,0.0,LOW,LOW
0.0,1.0,0.0,64.42,32.23,0.0,LOW,LOW
0.1,1.1,0.1,62.04,32.68,0.0,LOW,LOW
0.8,0.9,0.7,62.92,32.9,0.0,LOW,LOW
0.0,0.9,0.0,57.67,33.44,0.0,LOW,LOW
0.1,0.9,0.1,56.21,33.96,0.0,LOW,LOW
7.7,7.8,6.3,58.46,33.26,0.4,LOW,MEDIUM
11.4,19.2,5.0,68.96,31.58,5.0,LOW,LOW
16.9,36.0,15.0,64.46,32.57,0.0,LOW,HIGH
0.1,28.4,0.1,60.33,33.29,0.0,LOW,LOW
0.7,17.7,0.2,61.42,33.12,0.0,LOW,LOW
22.3,23.1,9.7,80.62,29.75,1.5,LOW,MEDIUM
16.5,39.5,6.9,84.38,28.27,1.3,LOW,MEDIUM
19.4,58.2,7.6,84.58,28.02,0.6,LOW,MEDIUM
24.4,60.3,8.1,78.38,29.39,3.3,LOW,MEDIUM
8.6,52.4,5.8,78.12,29.34,0.0,LOW,MEDIUM
17.7,50.7,7.6,81.42,28.25,0.1,LOW,MEDIUM
13.3,39.6,7.5,85.0,27.83,0.1,LOW,MEDIUM
2.1,33.1,0.8,87.62,27.52,0.0,LOW,LOW
6.1,21.5,2.5,86.25,27.66,0.0,LOW,LOW
5.0,13.2,1.3,85.04,27.8,0.0,LOW,LOW
22.7,33.8,6.7,86.79,27.55,0.0,LOW,MEDIUM
1.8,29.5,0.9,82.08,29.07,0.0,LOW,LOW
2.4,26.9,1.9,79.21,29.35,0.0,LOW,LOW
6.7,10.9,3.7,81.96,28.9,3.7,LOW,LOW
15.8,24.9,4.4,86.88,27.76,0.0,LOW,LOW
13.6,36.1,8.4,85.33,28.34,0.0,LOW,MEDIUM
6.2,35.6,4.1,84.67,28.79,0.0,LOW,LOW
5.8,25.6,1.7,85.83,29.2,0.0,LOW,LOW
1.2,13.2,0.4,86.0,28.51,0.0,LOW,LOW
1.9,8.9,1.0,83.17,29.67,0.0,LOW,LOW
0.2,3.3,0.1,74.0,30.66,0.0,LOW,LOW
0.2,2.3,0.1,69.88,30.18,0.0,LOW,LOW
0.5,0.9,0.2,67.88,30.03,0.0,LOW,LOW
1.7,2.4,0.4,72.67,29.41,0.0,LOW,LOW
1.1,3.3,0.2,78.96,29.53,0.0,LOW,LOW
16.5,19.3,5.2,83.54,28.72,0.0,LOW,MEDIUM
4.6,22.2,1.5,77.29,28.14,0.2,LOW,LOW
0.5,21.6,0.3,75.62,28.65,0.0,LOW,LOW
0.4,5.5,0.1,74.29,29.31,0.0,LOW,LOW
0.7,1.6,0.4,73.67,29.78,0.0,LOW,LOW
14.2,15.3,7.0,79.96,28.83,0.4,LOW,MEDIUM
11.5,26.4,4.4,86.67,28.22,0.0,LOW,LOW
3.6,29.3,1.9,77.58,28.82,0.0,LOW,LOW
20.1,35.2,10.1,77.17,29.05,0.0,LOW,MEDIUM
0.0,23.7,0.0,71.58,29.32,0.0,LOW,LOW
4.8,24.9,0.9,84.29,27.84,0.0,LOW,LOW
7.3,12.1,2.4,86.54,27.9,0.0,LOW,LOW
1.3,13.4,0.4,85.83,28.11,0.0,LOW,LOW
14.6,23.2,3.9,84.42,28.92,0.0,LOW,LOW
10.9,26.8,3.4,83.88,28.37,0.1,LOW,LOW
1.3,26.8,1.1,86.96,27.86,0.0,LOW,LOW
0.3,12.5,0.1,85.62,28.71,0.0,LOW,LOW
3.6,5.2,1.1,86.21,29.23,0.0,LOW,LOW
33.0,36.9,10.1,88.71,27.8,0.0,LOW,MEDIUM
5.6,42.2,2.5,87.46,28.16,0.0,LOW,MEDIUM
0.2,38.8,0.1,79.29,29.64,0.0,LOW,LOW
0.0,5.8,0.0,75.29,29.97,0.0,LOW,LOW
0.3,0.5,0.1,78.0,29.53,0.0,LOW,LOW
0.0,0.3,0.0,75.5,29.92,0.0,LOW,LOW
0.5,0.8,0.2,81.75,29.39,0.0,LOW,LOW
1.1,1.6,0.3,83.33,28.85,0.0,LOW,LOW
1.7,3.3,1.0,84.04,28.61,0.0,LOW,LOW
0.4,3.2,0.2,79.42,28.97,0.0,LOW,LOW
0.3,2.4,0.1,74.62,29.44,0.0,LOW,LOW
4.8,5.5,3.6,78.92,28.14,0.0,LOW,LOW
24.7,29.8,14.6,84.88,26.66,0.5,LOW,HIGH
40.2,69.7,8.1,90.75,25.93,0.0,LOW,HIGH
82.5,147.4,12.5,91.38,25.67,2.2,MEDIUM,HIGH
25.1,147.8,5.1,91.12,25.86,0.8,MEDIUM,HIGH
6.1,113.7,2.8,87.29,26.26,0.0,MEDIUM,HIGH
1.9,33.1,0.5,85.96,26.99,0.0,LOW,LOW
9.3,17.3,7.2,86.88,27.88,0.0,LOW,MEDIUM
5.9,17.1,4.5,88.88,27.32,0.0,LOW,LOW
25.8,41.0,8.3,89.04,26.68,1.7,LOW,MEDIUM
27.8,59.5,13.4,87.21,26.95,0.5,LOW,HIGH
36.2,89.8,16.9,87.96,26.4,0.0,LOW,HIGH
13.2,77.2,7.5,86.5,26.81,0.0,LOW,MEDIUM
13.9,63.3,6.1,88.46,26.11,0.0,LOW,MEDIUM
0.7,27.8,0.2,87.71,26.66,0.0,LOW,LOW
0.9,15.5,0.3,83.08,27.38,0.0,LOW,LOW
0.0,1.6,0.0,78.08,27.46,0.0,LOW,LOW
0.0,0.9,0.0,79.33,27.77,0.0,LOW,LOW
0.0,0.0,0.0,76.58,27.86,0.0,LOW,LOW
0.0,0.0,0.0,75.71,27.86,0.0,LOW,LOW
0.0,0.0,0.0,78.71,27.99,0.0,LOW,LOW
0.0,0.0,0.0,79.12,28.51,0.0,LOW,LOW
8.8,8.8,3.7,83.21,27.2,0.9,LOW,LOW
33.7,42.5,5.7,93.12,25.14,0.3,LOW,MEDIUM
26.0,68.5,3.3,93.88,24.71,0.0,LOW,MEDIUM
23.6,83.3,8.0,91.96,24.8,0.0,LOW,MEDIUM
20.0,69.6,6.6,91.92,25.12,0.0,LOW,MEDIUM
13.6,57.2,10.5,89.25,26.07,0.0,LOW,MEDIUM
27.1,60.7,10.0,90.25,25.5,0.0,LOW,MEDIUM
25.0,65.7,6.9,90.21,24.04,0.0,LOW,MEDIUM
0.1,52.2,0.1,83.67,24.72,0.0,LOW,MEDIUM
0.2,25.3,0.1,81.04,24.85,0.0,LOW,LOW
0.0,0.3,0.0,77.79,24.46,0.0,LOW,LOW
0.0,0.2,0.0,71.88,24.39,0.0,LOW,LOW
0.0,0.0,0.0,66.79,24.75,0.0,LOW,LOW
0.1,0.1,0.1,70.75,24.7,0.0,LOW,LOW
0.0,0.1,0.0,73.75,24.58,0.0,LOW,LOW
0.0,0.1,0.0,74.54,24.23,0.0,LOW,LOW
0.0,0.0,0.0,70.92,24.57,0.0,LOW,LOW
0.0,0.0,0.0,73.75,24.01,0.0,LOW,LOW
0.0,0.0,0.0,75.25,24.4,0.0,LOW,LOW
0.0,0.0,0.0,74.5,23.64,0.0,LOW,LOW
0.0,0.0,0.0,73.29,23.88,0.0,LOW,LOW
0.0,0.0,0.0,67.67,22.99,0.0,LOW,LOW
0.0,0.0,0.0,68.83,22.73,0.0,LOW,LOW
0.0,0.0,0.0,71.96,22.6,0.0,LOW,LOW
0.0,0.0,0.0,71.83,23.07,0.0,LOW,LOW
0.0,0.0,0.0,71.21,23.24,0.0,LOW,LOW
0.0,0.0,0.0,69.58,23.7,0.0,LOW,LOW
0.0,0.0,0.0,75.46,22.61,0.0,LOW,LOW
0.0,0.0,0.0,76.0,22.61,0.0,LOW,LOW
0.0,0.0,0.0,75.83,23.37,0.0,LOW,LOW
0.0,0.0,0.0,75.62,23.53,0.0,LOW,LOW
0.0,0.0,0.0,78.67,23.32,0.0,LOW,LOW
0.0,0.0,0.0,73.62,23.99,0.0,LOW,LOW
0.0,0.0,0.0,70.04,23.93,0.0,LOW,LOW
0.1,0.1,0.1,74.17,23.61,0.0,LOW,LOW
0.0,0.1,0.0,69.71,23.9,0.0,LOW,LOW
0.3,0.4,0.3,75.54,23.05,0.0,LOW,LOW
0.0,0.3,0.0,80.0,22.4,0.0,LOW,LOW
0.0,0.3,0.0,68.92,21.97,0.0,LOW,LOW
0.0,0.0,0.0,59.67,20.65,0.0,LOW,LOW
0.0,0.0,0.0,61.92,19.9,0.0,LOW,LOW
0.0,0.0,0.0,69.0,19.62,0.0,LOW,LOW
0.0,0.0,0.0,67.71,20.73,0.0,LOW,LOW
0.0,0.0,0.0,61.92,21.62,0.0,LOW,LOW
0.0,0.0,0.0,56.33,19.78,0.0,LOW,LOW
0.0,0.0,0.0,65.5,18.08,0.0,LOW,LOW
0.0,0.0,0.0,64.08,18.3,0.0,LOW,LOW
0.0,0.0,0.0,69.33,18.83,0.0,LOW,LOW
0.0,0.0,0.0,66.21,18.97,0.0,LOW,LOW
0.0,0.0,0.0,63.62,18.63,0.0,LOW,LOW
0.0,0.0,0.0,57.83,18.37,0.0,LOW,LOW
0.0,0.0,0.0,61.17,17.44,0.0,LOW,LOW
0.0,0.0,0.0,67.46,18.19,0.0,LOW,LOW
0.0,0.0,0.0,71.92,18.06,0.0,LOW,LOW
0.0,0.0,0.0,73.38,18.44,0.0,LOW,LOW
0.0,0.0,0.0,73.42,18.94,0.0,LOW,LOW
0.0,0.0,0.0,71.21,19.11,0.0,LOW,LOW
0.0,0.0,0.0,71.75,18.57,0.0,LOW,LOW
0.0,0.0,0.0,69.79,17.6,0.0,LOW,LOW
0.0,0.0,0.0,71.5,17.41,0.0,LOW,LOW
0.0,0.0,0.0,75.54,17.43,0.0,LOW,LOW
0.0,0.0,0.0,75.42,17.44,0.0,LOW,LOW
0.0,0.0,0.0,74.79,16.97,0.0,LOW,LOW
0.0,0.0,0.0,68.29,16.83,0.0,LOW,LOW
0.0,0.0,0.0,68.46,16.53,0.0,LOW,LOW
0.0,0.0,0.0,71.42,15.99,0.0,LOW,LOW
0.0,0.0,0.0,74.67,16.25,0.0,LOW,LOW
0.0,0.0,0.0,76.04,17.4,0.0,LOW,LOW
0.0,0.0,0.0,72.96,18.22,0.0,LOW,LOW
0.0,0.0,0.0,63.88,18.68,0.0,LOW,LOW
0.0,0.0,0.0,54.5,18.26,0.0,LOW,LOW
0.0,0.0,0.0,54.71,17.22,0.0,LOW,LOW
0.0,0.0,0.0,58.0,15.15,0.0,LOW,LOW
0.0,0.0,0.0,65.88,14.9,0.0,LOW,LOW
0.0,0.0,0.0,75.75,14.6,0.0,LOW,LOW
0.0,0.0,0.0,77.42,14.9,0.0,LOW,LOW
0.0,0.0,0.0,78.0,15.39,0.0,LOW,LOW
0.0,0.0,0.0,77.96,15.21,0.0,LOW,LOW
0.0,0.0,0.0,74.38,14.6,0.0,LOW,LOW
0.0,0.0,0.0,71.38,15.25,0.0,LOW,LOW
0.0,0.0,0.0,63.25,16.43,0.0,LOW,LOW
1.4,1.4,1.2,68.04,17.39,0.0,LOW,LOW
0.0,1.4,0.0,63.67,15.54,0.0,LOW,LOW
0.0,1.4,0.0,67.67,13.58,0.0,LOW,LOW
0.0,0.0,0.0,73.88,13.6,0.0,LOW,LOW
0.0,0.0,0.0,68.5,13.6,0.0,LOW,LOW
0.0,0.0,0.0,78.21,12.97,0.0,LOW,LOW
0.0,0.0,0.0,78.08,14.75,0.0,LOW,LOW
0.0,0.0,0.0,83.0,14.57,0.0,LOW,LOW
0.0,0.0,0.0,84.42,13.61,0.0,LOW,LOW
0.0,0.0,0.0,80.67,12.72,0.0,LOW,LOW
0.0,0.0,0.0,83.67,11.83,0.0,LOW,LOW
0.0,0.0,0.0,85.04,10.73,0.0,LOW,LOW
0.0,0.0,0.0,85.92,9.55,0.0,LOW,LOW
0.0,0.0,0.0,89.96,8.73,0.0,LOW,LOW
0.0,0.0,0.0,85.96,9.04,0.0,LOW,LOW
0.0,0.0,0.0,82.79,10.3,0.0,LOW,LOW
0.0,0.0,0.0,91.04,10.5,0.0,LOW,LOW
0.0,0.0,0.0,89.0,11.93,0.0,LOW,LOW
0.0,0.0,0.0,87.46,11.33,0.0,LOW,LOW
0.0,0.0,0.0,87.58,12.15,0.0,LOW,LOW
5.1,5.1,2.1,84.96,15.12,0.0,LOW,LOW
0.0,5.1,0.0,86.12,15.07,0.0,LOW,LOW
0.0,5.1,0.0,76.12,11.8,0.0,LOW,LOW
0.0,0.0,0.0,74.25,10.2,0.0,LOW,LOW
0.0,0.0,0.0,79.21,10.25,0.0,LOW,LOW
0.0,0.0,0.0,77.12,10.56,0.0,LOW,LOW
0.0,0.0,0.0,72.58,12.11,0.0,LOW,LOW
0.1,0.1,0.1,73.38,14.08,0.0,LOW,LOW
0.0,0.1,0.0,74.83,15.54,0.0,LOW,LOW
0.0,0.1,0.0,83.33,15.22,0.0,LOW,LOW
0.0,0.0,0.0,79.83,16.82,0.0,LOW,LOW
0.0,0.0,0.0,77.67,18.72,0.0,LOW,LOW
9.0,9.0,5.3,88.58,17.67,0.0,LOW,LOW
0.0,9.0,0.0,84.33,17.94,0.0,LOW,LOW
0.0,9.0,0.0,81.92,16.25,0.0,LOW,LOW
0.0,0.0,0.0,79.42,14.19,0.0,LOW,LOW
0.0,0.0,0.0,85.5,14.17,0.0,LOW,LOW
0.0,0.0,0.0,79.38,15.98,0.0,LOW,LOW
0.0,0.0,0.0,77.08,16.99,0.0,LOW,LOW
0.0,0.0,0.0,79.96,15.5,0.0,LOW,LOW
0.0,0.0,0.0,80.5,14.73,0.0,LOW,LOW
0.0,0.0,0.0,77.17,15.46,0.0,LOW,LOW
0.0,0.0,0.0,69.25,16.69,0.0,LOW,LOW
0.0,0.0,0.0,73.5,16.77,0.0,LOW,LOW
0.0,0.0,0.0,73.12,17.11,0.0,LOW,LOW
0.0,0.0,0.0,73.75,18.79,0.0,LOW,LOW
0.0,0.0,0.0,60.04,17.5,0.0,LOW,LOW
0.0,0.0,0.0,61.96,17.78,0.0,LOW,LOW
0.0,0.0,0.0,71.33,19.2,0.0,LOW,LOW
0.0,0.0,0.0,68.75,20.85,0.0,LOW,LOW
0.0,0.0,0.0,42.88,19.17,0.0,LOW,LOW
0.0,0.0,0.0,36.92,16.7,0.0,LOW,LOW
0.0,0.0,0.0,55.38,15.66,0.0,LOW,LOW
0.0,0.0,0.0,68.96,16.56,0.0,LOW,LOW
0.0,0.0,0.0,66.08,19.02,0.0,LOW,LOW
0.0,0.0,0.0,66.71,20.58,0.0,LOW,LOW
0.0,0.0,0.0,71.04,20.53,0.0,LOW,LOW
0.0,0.0,0.0,69.38,21.45,0.0,LOW,LOW
0.0,0.0,0.0,67.92,22.4,0.0,LOW,LOW
0.0,0.0,0.0,64.83,22.95,0.0,LOW,LOW
0.0,0.0,0.0,55.83,23.28,0.0,LOW,LOW
0.0,0.0,0.0,43.17,22.44,0.0,LOW,LOW
0.0,0.0,0.0,42.29,21.35,0.0,LOW,LOW
0.0,0.0,0.0,49.54,21.46,0.0,LOW,LOW
0.0,0.0,0.0,55.58,22.15,0.0,LOW,LOW
0.0,0.0,0.0,53.71,23.01,0.0,LOW,LOW
0.0,0.0,0.0,55.75,23.26,0.0,LOW,LOW
0.0,0.0,0.0,52.04,23.5,0.0,LOW,LOW
0.0,0.0,0.0,43.46,24.66,0.0,LOW,LOW
0.0,0.0,0.0,40.88,25.85,0.0,LOW,LOW
0.0,0.0,0.0,41.79,25.75,0.0,LOW,LOW
0.0,0.0,0.0,44.08,24.91,0.0,LOW,LOW
0.0,0.0,0.0,42.5,24.45,0.0,LOW,LOW
0.0,0.0,0.0,43.33,24.07,0.0,LOW,LOW
3.2,3.2,3.0,55.88,23.66,0.0,LOW,LOW
2.6,5.8,2.3,60.96,22.11,0.0,LOW,LOW
0.0,5.8,0.0,54.08,23.38,0.0,LOW,LOW
0.0,2.6,0.0,47.29,24.07,0.0,LOW,LOW
0.0,0.0,0.0,49.54,24.38,0.0,LOW,LOW
0.0,0.0,0.0,46.17,25.55,0.0,LOW,LOW
0.0,0.0,0.0,47.12,25.54,0.0,LOW,LOW
0.0,0.0,0.0,44.88,25.32,0.0,LOW,LOW
0.0,0.0,0.0,40.83,26.07,0.0,LOW,LOW
0.3,0.3,0.2,62.83,23.57,0.0,LOW,LOW
5.7,6.0,5.3,74.12,22.17,0.0,LOW,LOW
2.4,8.4,0.9,70.88,22.7,0.0,LOW,LOW
13.6,21.7,3.4,83.04,20.0,0.0,LOW,LOW
24.5,40.5,6.4,84.92,19.81,0.0,LOW,MEDIUM
0.0,38.1,0.0,73.58,20.74,0.0,LOW,LOW
0.0,24.5,0.0,63.0,22.59,0.0,LOW,LOW
0.0,0.0,0.0,60.67,23.44,0.0,LOW,LOW
0.8,0.8,0.3,60.75,24.32,0.0,LOW,LOW
0.0,0.8,0.0,53.04,24.43,0.0,LOW,LOW
0.0,0.8,0.0,44.42,24.07,0.0,LOW,LOW
0.0,0.0,0.0,44.54,24.57,0.0,LOW,LOW
0.0,0.0,0.0,45.83,25.35,0.0,LOW,LOW
0.2,0.2,0.2,40.67,26.95,0.2,LOW,LOW
8.7,8.9,4.7,61.33,23.88,0.0,LOW,LOW
2.6,11.5,1.6,74.38,21.72,0.0,LOW,LOW
0.0,11.3,0.0,58.83,23.88,0.0,LOW,LOW
0.0,2.6,0.0,45.71,25.89,0.0,LOW,LOW
0.4,0.4,0.3,45.42,26.01,0.0,LOW,LOW
0.0,0.4,0.0,40.83,25.81,0.0,LOW,LOW
0.0,0.4,0.0,34.38,25.85,0.0,LOW,LOW
0.0,0.0,0.0,29.08,26.69,0.0,LOW,LOW
0.0,0.0,0.0,29.92,26.88,0.0,LOW,LOW
0.0,0.0,0.0,26.42,28.35,0.0,LOW,LOW
0.0,0.0,0.0,26.71,27.6,0.0,LOW,LOW
0.0,0.0,0.0,27.12,28.22,0.0,LOW,LOW
0.0,0.0,0.0,25.88,30.47,0.0,LOW,LOW
0.0,0.0,0.0,24.25,31.76,0.0,LOW,LOW
0.0,0.0,0.0,26.58,31.28,0.0,LOW,LOW
0.0,0.0,0.0,27.83,31.58,0.0,LOW,LOW
0.0,0.0,0.0,22.62,32.57,0.0,LOW,LOW
0.0,0.0,0.0,21.88,32.73,0.0,LOW,LOW
0.0,0.0,0.0,21.75,32.87,0.0,LOW,LOW
0.0,0.0,0.0,19.25,34.46,0.0,LOW,LOW
0.0,0.0,0.0,23.21,33.27,0.0,LOW,LOW
0.0,0.0,0.0,30.38,29.88,0.0,LOW,LOW
0.0,0.0,0.0,32.38,29.14,0.0,LOW,LOW
0.0,0.0,0.0,28.0,28.64,0.0,LOW,LOW
3.4,3.4,2.3,47.67,25.19,0.0,LOW,LOW
0.0,3.4,0.0,47.54,26.37,0.0,LOW,LOW
0.0,3.4,0.0,39.38,28.03,0.0,LOW,LOW
0.0,0.0,0.0,36.12,29.59,0.0,LOW,LOW
0.0,0.0,0.0,39.79,28.6,0.0,LOW,LOW
0.0,0.0,0.0,43.58,28.97,0.0,LOW,LOW
13.5,13.5,6.6,66.5,25.14,0.0,LOW,MEDIUM
5.3,18.8,2.0,79.12,23.3,0.1,LOW,LOW
0.6,19.4,0.2,75.29,24.51,0.0,LOW,LOW
7.5,13.4,3.9,79.5,24.29,0.0,LOW,LOW
0.1,8.2,0.1,74.46,24.94,0.0,LOW,LOW
0.0,7.6,0.0,61.96,26.69,0.0,LOW,LOW
0.0,0.1,0.0,48.42,28.64,0.0,LOW,LOW
0.0,0.0,0.0,39.58,29.58,0.0,LOW,LOW
0.0,0.0,0.0,41.0,29.25,0.0,LOW,LOW
0.0,0.0,0.0,37.17,30.82,0.0,LOW,LOW
0.0,0.0,0.0,29.5,29.18,0.0,LOW,LOW
0.0,0.0,0.0,30.67,29.53,0.0,LOW,LOW
0.0,0.0,0.0,32.21,30.65,0.0,LOW,LOW
0.0,0.0,0.0,33.25,31.03,0.0,LOW,LOW
0.0,0.0,0.0,33.83,32.19,0.0,LOW,LOW
0.0,0.0,0.0,36.12,31.79,0.0,LOW,LOW
0.0,0.0,0.0,30.38,32.51,0.0,LOW,LOW
0.0,0.0,0.0,28.71,33.89,0.0,LOW,LOW
0.0,0.0,0.0,30.96,33.8,0.0,LOW,LOW
0.0,0.0,0.0,30.92,33.31,0.0,LOW,LOW
0.0,0.0,0.0,24.71,33.67,0.0,LOW,LOW
0.0,0.0,0.0,25.83,34.24,0.0,LOW,LOW
0.5,0.5,0.5,35.62,33.46,0.0,LOW,LOW
0.0,0.5,0.0,36.83,34.73,0.0,LOW,LOW
0.0,0.5,0.0,48.75,32.6,0.0,LOW,LOW
3.5,3.5,0.9,63.33,28.5,0.0,LOW,LOW
12.5,16.0,5.2,73.75,26.45,0.0,LOW,LOW
0.1,16.1,0.1,65.5,28.13,0.0,LOW,LOW
0.0,12.6,0.0,59.58,28.65,0.0,LOW,LOW
0.0,0.1,0.0,57.04,29.68,0.0,LOW,LOW
1.5,1.5,1.3,54.79,30.91,0.0,LOW,LOW
0.0,1.5,0.0,43.42,31.52,0.0,LOW,LOW
0.0,1.5,0.0,41.04,31.26,0.0,LOW,LOW
0.0,0.0,0.0,39.42,31.66,0.0,LOW,LOW
0.0,0.0,0.0,39.33,31.89,0.0,LOW,LOW
0.0,0.0,0.0,40.71,32.68,0.0,LOW,LOW
0.3,0.3,0.2,47.08,31.65,0.0,LOW,LOW
0.3,0.6,0.3,43.42,32.67,0.0,LOW,LOW
0.0,0.6,0.0,30.62,34.05,0.0,LOW,LOW
0.0,0.3,0.0,27.29,34.46,0.0,LOW,LOW
0.0,0.0,0.0,30.83,34.55,0.0,LOW,LOW
0.0,0.0,0.0,34.38,35.55,0.0,LOW,LOW
0.0,0.0,0.0,32.21,36.25,0.0,LOW,LOW
0.0,0.0,0.0,34.46,36.6,0.0,LOW,LOW
0.0,0.0,0.0,32.67,37.65,0.0,LOW,LOW
0.0,0.0,0.0,27.58,38.07,0.0,LOW,LOW
0.0,0.0,0.0,33.96,36.83,0.0,LOW,LOW
0.0,0.0,0.0,36.92,36.48,0.0,LOW,LOW
0.2,0.2,0.2,39.29,36.4,0.0,LOW,LOW
0.0,0.2,0.0,38.62,36.78,0.0,LOW,LOW
0.0,0.2,0.0,43.21,35.68,0.0,LOW,LOW
6.3,6.3,1.7,60.75,32.23,0.0,LOW,LOW
11.9,18.2,3.1,79.5,28.84,0.0,LOW,LOW
11.3,29.5,6.2,73.0,30.54,0.0,LOW,MEDIUM
1.1,24.3,0.7,68.5,31.65,0.0,LOW,LOW
16.7,29.1,7.2,78.38,30.62,7.2,LOW,MEDIUM
5.2,23.0,2.1,78.25,30.18,0.0,LOW,LOW
18.2,40.1,5.4,72.75,30.82,0.1,LOW,MEDIUM
0.2,23.6,0.1,62.42,32.11,0.0,LOW,LOW
1.2,19.6,0.9,69.46,30.29,0.0,LOW,LOW
7.9,9.3,2.3,80.96,28.58,0.8,LOW,LOW
28.9,38.0,8.8,88.92,27.16,1.4,LOW,MEDIUM
39.4,76.2,11.6,88.58,27.42,2.0,LOW,HIGH
13.2,81.5,3.9,87.96,27.88,0.0,LOW,MEDIUM
2.7,55.3,1.4,83.96,29.32,0.0,LOW,MEDIUM
3.4,19.3,1.2,85.42,28.34,0.0,LOW,LOW
25.1,31.2,5.0,87.08,28.16,0.0,LOW,MEDIUM
8.3,36.8,2.3,83.83,29.22,0.0,LOW,LOW
9.5,42.9,3.0,83.62,29.0,0.0,LOW,MEDIUM
16.1,33.9,4.3,85.67,28.45,0.0,LOW,MEDIUM
28.0,53.6,15.5,83.71,29.25,3.1,LOW,HIGH
33.3,77.4,8.7,83.83,29.28,0.9,LOW,MEDIUM
2.7,64.0,1.3,84.29,29.34,0.0,LOW,MEDIUM
34.6,70.6,7.4,90.42,28.11,2.5,LOW,MEDIUM
36.8,74.1,17.9,87.71,28.36,0.0,LOW,HIGH
21.4,92.8,8.9,86.75,29.16,4.2,LOW,HIGH
31.4,89.6,7.3,89.17,27.69,0.0,LOW,HIGH
2.1,54.9,1.0,84.25,29.47,0.0,LOW,MEDIUM
1.3,34.8,0.7,78.79,30.02,0.0,LOW,LOW
3.2,6.6,2.7,78.54,30.04,0.0,LOW,LOW
1.1,5.6,1.1,77.04,30.59,0.0,LOW,LOW
0.0,4.3,0.0,71.29,31.89,0.0,LOW,LOW
0.1,1.2,0.1,69.96,32.23,0.0,LOW,LOW
2.1,2.2,1.9,72.0,31.31,0.0,LOW,LOW
0.5,2.7,0.1,72.0,31.35,0.0,LOW,LOW
27.8,30.4,17.6,76.96,30.75,0.2,LOW,HIGH
15.8,44.1,5.5,86.62,29.1,0.0,LOW,MEDIUM
1.1,44.7,0.3,83.29,29.88,0.0,LOW,MEDIUM
6.1,23.0,3.7,80.08,30.31,0.0,LOW,LOW
2.5,9.7,1.8,81.62,30.41,0.0,LOW,LOW
27.7,36.3,8.6,87.0,28.7,0.0,LOW,MEDIUM
1.4,31.6,0.7,81.62,29.4,0.1,LOW,LOW
3.6,32.7,1.4,84.33,29.42,0.0,LOW,LOW
15.9,20.9,5.8,84.04,29.63,0.0,LOW,LOW
10.9,30.4,4.0,86.54,29.06,0.0,LOW,LOW
4.5,31.3,2.5,80.38,29.78,0.0,LOW,LOW
16.0,31.4,7.6,85.21,28.57,0.0,LOW,MEDIUM
1.4,21.9,0.6,84.96,29.08,0.0,LOW,LOW
13.1,30.5,7.3,85.29,28.99,0.0,LOW,MEDIUM
2.5,17.0,1.0,76.62,29.62,0.0,LOW,LOW
0.9,16.5,0.2,74.17,29.61,0.0,LOW,LOW
4.3,7.7,2.9,79.83,28.94,0.0,LOW,LOW
0.1,5.3,0.1,79.38,29.3,0.0,LOW,LOW
0.0,4.4,0.0,74.38,30.18,0.0,LOW,LOW
0.0,0.1,0.0,67.71,30.45,0.0,LOW,LOW
1.1,1.1,0.6,73.75,29.31,0.0,LOW,LOW
1.3,2.4,1.0,85.17,28.18,0.0,LOW,LOW
1.2,3.6,0.3,81.83,29.32,0.0,LOW,LOW
0.5,3.0,0.4,77.67,30.33,0.0,LOW,LOW
5.8,7.5,3.7,82.67,29.63,0.4,LOW,LOW
9.3,15.6,6.2,84.04,29.73,0.0,LOW,MEDIUM
4.4,19.5,2.8,83.0,29.91,0.0,LOW,LOW
0.4,14.1,0.1,76.42,30.56,0.0,LOW,LOW
0.4,5.2,0.3,79.33,30.36,0.0,LOW,LOW
19.7,20.5,4.5,90.96,28.12,0.7,LOW,MEDIUM
7.0,27.1,2.3,86.71,27.81,2.3,LOW,LOW
37.4,64.1,10.0,87.17,27.07,2.7,LOW,HIGH
2.2,46.6,0.8,76.5,28.97,0.0,LOW,MEDIUM
0.0,39.6,0.0,72.54,29.3,0.0,LOW,LOW
0.0,2.2,0.0,66.96,29.7,0.0,LOW,LOW
1.0,1.0,0.5,72.38,28.79,0.0,LOW,LOW
8.7,9.7,6.1,77.46,28.34,0.0,LOW,MEDIUM
0.2,9.9,0.1,75.25,29.5,0.0,LOW,LOW
0.2,9.1,0.1,75.08,30.08,0.0,LOW,LOW
0.1,0.5,0.1,70.67,30.67,0.0,LOW,LOW
0.0,0.3,0.0,66.5,31.07,0.0,LOW,LOW
0.0,0.1,0.0,67.88,30.7,0.0,LOW,LOW
0.0,0.0,0.0,74.12,30.49,0.0,LOW,LOW
2.8,2.8,2.2,77.75,29.82,0.0,LOW,LOW
0.0,2.8,0.0,73.46,29.42,0.0,LOW,LOW
5.2,8.0,1.4,81.38,28.93,1.4,LOW,LOW
8.3,13.5,4.3,84.92,28.05,0.0,LOW,LOW
28.1,41.6,10.7,86.92,27.28,0.0,LOW,MEDIUM
36.0,72.4,15.5,89.75,27.28,0.1,LOW,HIGH
32.9,97.0,6.5,91.88,27.02,0.0,LOW,HIGH
10.4,79.3,3.8,88.33,27.92,0.0,LOW,MEDIUM
0.6,43.9,0.3,84.25,29.13,0.0,LOW,MEDIUM
3.1,14.1,1.9,83.62,29.65,0.0,LOW,LOW
0.1,3.8,0.1,76.71,30.16,0.0,LOW,LOW
3.1,6.3,0.6,81.83,28.86,0.0,LOW,LOW
0.4,3.6,0.1,80.92,29.09,0.0,LOW,LOW
5.6,9.1,5.1,84.5,28.52,0.0,LOW,LOW
7.3,13.3,3.2,86.17,28.75,0.0,LOW,LOW
0.2,13.1,0.1,85.21,29.0,0.0,LOW,LOW
1.1,8.6,0.3,85.25,28.65,0.0,LOW,LOW
2.5,3.8,1.0,83.75,27.86,0.0,LOW,LOW
0.5,4.1,0.2,82.29,27.42,0.0,LOW,LOW
1.5,4.5,1.4,80.12,27.7,0.0,LOW,LOW
0.0,2.0,0.0,81.79,27.64,0.0,LOW,LOW
0.2,1.7,0.1,81.75,27.84,0.0,LOW,LOW
0.0,0.2,0.0,79.79,28.87,0.0,LOW,LOW
4.2,4.4,3.2,80.04,28.46,0.0,LOW,LOW
0.0,4.2,0.0,74.71,28.96,0.0,LOW,LOW
0.0,4.2,0.0,71.54,29.21,0.0,LOW,LOW
0.0,0.0,0.0,78.67,28.53,0.0,LOW,LOW
19.1,19.1,7.8,87.25,27.35,0.0,LOW,MEDIUM
0.5,19.6,0.2,80.33,27.75,0.0,LOW,LOW
1.3,20.9,0.7,84.08,26.8,0.0,LOW,LOW
0.0,1.8,0.0,83.54,27.35,0.0,LOW,LOW
0.0,1.3,0.0,71.92,27.62,0.0,LOW,LOW
0.0,0.0,0.0,70.12,27.95,0.0,LOW,LOW
0.0,0.0,0.0,69.0,28.5,0.0,LOW,LOW
0.0,0.0,0.0,67.96,29.1,0.0,LOW,LOW
0.0,0.0,0.0,61.38,28.98,0.0,LOW,LOW
0.0,0.0,0.0,63.75,27.95,0.0,LOW,LOW
0.0,0.0,0.0,62.04,26.79,0.0,LOW,LOW
0.0,0.0,0.0,64.75,26.56,0.0,LOW,LOW
0.0,0.0,0.0,61.5,27.35,0.0,LOW,LOW
0.0,0.0,0.0,58.5,27.68,0.0,LOW,LOW
6.7,6.7,6.1,72.58,25.99,0.0,LOW,MEDIUM
0.0,6.7,0.0,75.5,24.01,0.0,LOW,LOW
0.0,6.7,0.0,67.88,24.47,0.0,LOW,LOW
0.0,0.0,0.0,61.96,24.0,0.0,LOW,LOW
0.0,0.0,0.0,61.83,23.73,0.0,LOW,LOW
0.0,0.0,0.0,60.08,23.92,0.0,LOW,LOW
0.0,0.0,0.0,61.29,24.26,0.0,LOW,LOW
0.0,0.0,0.0,61.79,24.58,0.0,LOW,LOW
0.0,0.0,0.0,62.29,24.22,0.0,LOW,LOW
0.0,0.0,0.0,63.58,24.28,0.0,LOW,LOW
0.0,0.0,0.0,53.58,24.33,0.0,LOW,LOW
0.0,0.0,0.0,53.5,23.86,0.0,LOW,LOW
0.0,0.0,0.0,56.88,23.92,0.0,LOW,LOW
0.0,0.0,0.0,53.54,24.89,0.0,LOW,LOW
0.0,0.0,0.0,64.29,24.03,0.0,LOW,LOW
0.0,0.0,0.0,66.25,23.97,0.0,LOW,LOW
0.0,0.0,0.0,61.42,24.79,0.0,LOW,LOW
0.0,0.0,0.0,61.67,24.4,0.0,LOW,LOW
0.0,0.0,0.0,66.75,23.57,0.0,LOW,LOW
0.0,0.0,0.0,65.38,24.1,0.0,LOW,LOW
0.0,0.0,0.0,68.75,23.64,0.0,LOW,LOW
0.0,0.0,0.0,64.96,22.95,0.0,LOW,LOW
0.0,0.0,0.0,64.33,22.91,0.0,LOW,LOW
0.0,0.0,0.0,64.88,23.66,0.0,LOW,LOW
0.0,0.0,0.0,67.96,23.43,0.0,LOW,LOW
0.5,0.5,0.5,71.12,23.26,0.0,LOW,LOW
1.8,2.3,0.7,77.33,21.98,0.0,LOW,LOW
0.0,2.3,0.0,72.21,21.55,0.0,LOW,LOW
0.0,1.8,0.0,70.67,21.14,0.0,LOW,LOW
0.0,0.0,0.0,66.96,21.7,0.0,LOW,LOW
0.0,0.0,0.0,70.67,20.58,0.0,LOW,LOW
0.0,0.0,0.0,68.21,20.82,0.0,LOW,LOW
0.0,0.0,0.0,67.38,21.5,0.0,LOW,LOW
0.0,0.0,0.0,69.75,20.68,0.0,LOW,LOW
0.0,0.0,0.0,65.92,21.72,0.0,LOW,LOW
0.0,0.0,0.0,68.08,20.68,0.0,LOW,LOW
0.0,0.0,0.0,67.67,20.28,0.0,LOW,LOW
0.0,0.0,0.0,69.96,19.52,0.0,LOW,LOW
0.0,0.0,0.0,66.75,19.38,0.0,LOW,LOW
0.0,0.0,0.0,71.96,19.21,0.0,LOW,LOW
0.0,0.0,0.0,71.92,19.76,0.0,LOW,LOW
0.0,0.0,0.0,72.58,20.49,0.0,LOW,LOW
0.1,0.1,0.1,80.75,19.53,0.0,LOW,LOW
0.0,0.1,0.0,75.42,20.09,0.0,LOW,LOW
0.0,0.1,0.0,71.58,20.93,0.0,LOW,LOW
3.0,3.0,1.4,81.5,20.09,0.0,LOW,LOW
0.0,3.0,0.0,78.54,20.87,0.0,LOW,LOW
0.0,3.0,0.0,76.17,20.96,0.0,LOW,LOW
0.0,0.0,0.0,68.83,21.27,0.0,LOW,LOW
9.1,9.1,3.6,79.79,19.43,0.0,LOW,LOW
1.1,10.2,1.0,85.04,18.36,0.0,LOW,LOW
0.0,10.2,0.0,79.17,19.62,0.0,LOW,LOW
0.0,1.1,0.0,76.25,20.35,0.0,LOW,LOW
0.0,0.0,0.0,75.29,19.26,0.0,LOW,LOW
0.0,0.0,0.0,71.79,17.87,0.0,LOW,LOW
0.0,0.0,0.0,67.75,16.68,0.0,LOW,LOW
0.0,0.0,0.0,75.17,15.53,0.0,LOW,LOW
0.0,0.0,0.0,74.88,15.24,0.0,LOW,LOW
0.0,0.0,0.0,72.67,15.61,0.0,LOW,LOW
0.0,0.0,0.0,71.46,15.49,0.0,LOW,LOW
0.0,0.0,0.0,73.21,14.73,0.0,LOW,LOW
0.0,0.0,0.0,74.46,14.85,0.0,LOW,LOW
0.0,0.0,0.0,67.92,14.37,0.0,LOW,LOW
0.0,0.0,0.0,67.83,14.88,0.0,LOW,LOW
0.0,0.0,0.0,73.12,14.4,0.0,LOW,LOW
0.0,0.0,0.0,74.04,14.5,0.0,LOW,LOW
0.0,0.0,0.0,76.0,14.47,0.0,LOW,LOW
0.0,0.0,0.0,76.12,15.44,0.0,LOW,LOW
0.0,0.0,0.0,76.33,15.92,0.0,LOW,LOW
0.0,0.0,0.0,75.62,16.75,0.0,LOW,LOW
0.0,0.0,0.0,77.21,16.32,0.0,LOW,LOW
0.0,0.0,0.0,77.08,16.31,0.0,LOW,LOW
0.0,0.0,0.0,78.58,16.16,0.0,LOW,LOW
0.0,0.0,0.0,80.62,14.9,0.0,LOW,LOW
0.0,0.0,0.0,83.42,14.13,0.0,LOW,LOW
0.0,0.0,0.0,85.12,12.91,0.0,LOW,LOW
0.0,0.0,0.0,87.12,11.78,0.0,LOW,LOW
0.0,0.0,0.0,82.96,14.15,0.0,LOW,LOW
0.0,0.0,0.0,84.21,13.43,0.0,LOW,LOW
0.3,0.3,0.2,85.38,13.81,0.0,LOW,LOW
9.9,10.2,9.8,86.08,14.96,0.0,LOW,MEDIUM
0.0,10.2,0.0,85.75,14.81,0.0,LOW,LOW
2.2,12.1,1.4,85.54,14.91,0.0,LOW,LOW
0.0,2.2,0.0,81.75,14.52,0.0,LOW,LOW
0.0,2.2,0.0,84.21,13.53,0.0,LOW,LOW
1.2,1.2,1.2,83.92,13.85,0.0,LOW,LOW
0.0,1.2,0.0,83.75,13.31,0.0,LOW,LOW
0.0,1.2,0.0,87.04,11.64,0.0,LOW,LOW
0.0,0.0,0.0,88.42,10.5,0.0,LOW,LOW
0.0,0.0,0.0,84.0,11.43,0.0,LOW,LOW
0.0,0.0,0.0,87.25,11.66,0.0,LOW,LOW
0.0,0.0,0.0,86.08,10.7,0.0,LOW,LOW
0.0,0.0,0.0,85.79,10.99,0.0,LOW,LOW
0.0,0.0,0.0,88.67,10.6,0.0,LOW,LOW
0.0,0.0,0.0,84.67,10.74,0.0,LOW,LOW
0.0,0.0,0.0,84.25,10.86,0.0,LOW,LOW
0.0,0.0,0.0,87.33,10.23,0.0,LOW,LOW
0.0,0.0,0.0,87.71,10.35,0.0,LOW,LOW
0.0,0.0,0.0,86.83,10.38,0.0,LOW,LOW
0.0,0.0,0.0,90.12,9.93,0.0,LOW,LOW
0.0,0.0,0.0,89.12,10.43,0.0,LOW,LOW
0.0,0.0,0.0,90.62,11.11,0.0,LOW,LOW
0.0,0.0,0.0,86.54,11.65,0.0,LOW,LOW
0.0,0.0,0.0,83.96,12.47,0.0,LOW,LOW
0.0,0.0,0.0,82.83,13.49,0.0,LOW,LOW
0.0,0.0,0.0,83.79,14.25,0.0,LOW,LOW
0.0,0.0,0.0,80.71,15.61,0.0,LOW,LOW
0.0,0.0,0.0,81.96,16.06,0.0,LOW,LOW
0.3,0.3,0.2,81.62,15.97,0.0,LOW,LOW
0.0,0.3,0.0,78.92,15.3,0.0,LOW,LOW
0.0,0.3,0.0,64.42,16.18,0.0,LOW,LOW
32.1,32.1,14.4,77.17,15.74,1.3,LOW,HIGH
8.4,40.5,1.9,90.0,16.15,0.0,LOW,LOW
0.0,40.5,0.0,80.25,14.83,0.0,LOW,LOW
0.0,8.4,0.0,64.0,14.29,0.0,LOW,LOW
0.0,0.0,0.0,61.21,13.98,0.0,LOW,LOW
0.0,0.0,0.0,69.0,13.78,0.0,LOW,LOW
0.0,0.0,0.0,76.12,13.93,0.0,LOW,LOW
0.0,0.0,0.0,73.71,14.57,0.0,LOW,LOW
0.0,0.0,0.0,72.04,16.1,0.0,LOW,LOW
0.2,0.2,0.2,73.21,18.67,0.0,LOW,LOW
0.0,0.2,0.0,79.46,18.13,0.0,LOW,LOW
0.0,0.2,0.0,80.21,18.32,0.0,LOW,LOW
0.0,0.0,0.0,74.71,17.98,0.0,LOW,LOW
0.0,0.0,0.0,67.29,17.5,0.0,LOW,LOW
0.0,0.0,0.0,66.54,18.12,0.0,LOW,LOW
0.0,0.0,0.0,62.88,19.96,0.0,LOW,LOW
0.2,0.2,0.1,69.96,20.67,0.0,LOW,LOW
1.7,1.9,1.2,74.17,20.45,0.0,LOW,LOW
0.0,1.9,0.0,61.5,18.28,0.0,LOW,LOW
0.0,1.7,0.0,48.58,16.82,0.0,LOW,LOW
0.0,0.0,0.0,48.54,16.9,0.0,LOW,LOW
0.0,0.0,0.0,43.67,17.79,0.0,LOW,LOW
0.0,0.0,0.0,39.0,18.9,0.0,LOW,LOW
0.0,0.0,0.0,49.54,19.21,0.0,LOW,LOW
0.0,0.0,0.0,49.54,18.91,0.0,LOW,LOW
0.0,0.0,0.0,56.04,19.15,0.0,LOW,LOW
0.0,0.0,0.0,60.42,20.5,0.0,LOW,LOW
5.3,5.3,1.9,76.29,20.56,0.0,LOW,LOW
16.2,21.5,3.1,87.0,19.21,0.3,LOW,MEDIUM
5.6,27.1,2.5,75.62,19.03,0.0,LOW,LOW
0.0,21.8,0.0,60.79,16.93,0.0,LOW,LOW
0.0,5.6,0.0,57.46,16.61,0.0,LOW,LOW
0.0,0.0,0.0,61.67,17.53,0.0,LOW,LOW
0.0,0.0,0.0,53.83,19.58,0.0,LOW,LOW
0.0,0.0,0.0,53.12,19.1,0.0,LOW,LOW
0.0,0.0,0.0,59.08,19.38,0.0,LOW,LOW
0.0,0.0,0.0,61.96,20.86,0.0,LOW,LOW
0.0,0.0,0.0,57.5,22.39,0.0,LOW,LOW
0.0,0.0,0.0,49.71,23.14,0.0,LOW,LOW
0.0,0.0,0.0,50.83,23.35,0.0,LOW,LOW
0.0,0.0,0.0,44.83,22.93,0.0,LOW,LOW
0.0,0.0,0.0,47.04,21.21,0.0,LOW,LOW
0.0,0.0,0.0,54.29,21.25,0.0,LOW,LOW
0.0,0.0,0.0,45.92,21.55,0.0,LOW,LOW
0.0,0.0,0.0,50.42,22.3,0.0,LOW,LOW
0.0,0.0,0.0,51.71,22.3,0.0,LOW,LOW
0.0,0.0,0.0,63.54,21.68,0.0,LOW,LOW
0.0,0.0,0.0,62.62,23.1,0.0,LOW,LOW
0.0,0.0,0.0,52.38,25.05,0.0,LOW,LOW
0.0,0.0,0.0,47.58,25.4,0.0,LOW,LOW
0.0,0.0,0.0,48.96,26.27,0.0,LOW,LOW
0.0,0.0,0.0,43.33,25.72,0.0,LOW,LOW
0.0,0.0,0.0,47.62,26.55,0.0,LOW,LOW
0.0,0.0,0.0,56.62,27.18,0.0,LOW,LOW
0.0,0.0,0.0,56.04,28.78,0.0,LOW,LOW
0.3,0.3,0.3,51.58,28.53,0.0,LOW,LOW
0.0,0.3,0.0,43.08,29.07,0.0,LOW,LOW
0.0,0.3,0.0,30.21,28.65,0.0,LOW,LOW
0.0,0.0,0.0,30.08,26.97,0.0,LOW,LOW
0.0,0.0,0.0,30.21,27.69,0.0,LOW,LOW
0.0,0.0,0.0,30.5,30.01,0.0,LOW,LOW
0.0,0.0,0.0,27.46,30.15,0.0,LOW,LOW
0.0,0.0,0.0,25.75,29.28,0.0,LOW,LOW
0.0,0.0,0.0,23.08,28.67,0.0,LOW,LOW
0.0,0.0,0.0,18.71,28.66,0.0,LOW,LOW
0.0,0.0,0.0,21.83,29.19,0.0,LOW,LOW
0.0,0.0,0.0,23.58,29.57,0.0,LOW,LOW
0.0,0.0,0.0,25.33,30.09,0.0,LOW,LOW
0.0,0.0,0.0,28.54,29.97,0.0,LOW,LOW
0.0,0.0,0.0,31.46,30.81,0.0,LOW,LOW
0.0,0.0,0.0,38.21,30.43,0.0,LOW,LOW
0.2,0.2,0.1,43.58,30.97,0.0,LOW,LOW
0.0,0.2,0.0,32.46,32.18,0.0,LOW,LOW
0.0,0.2,0.0,21.5,31.48,0.0,LOW,LOW
0.0,0.0,0.0,20.83,32.46,0.0,LOW,LOW
0.0,0.0,0.0,23.54,33.63,0.0,LOW,LOW
0.0,0.0,0.0,21.38,32.78,0.0,LOW,LOW
0.0,0.0,0.0,22.29,31.78,0.0,LOW,LOW
0.0,0.0,0.0,25.25,32.15,0.0,LOW,LOW
0.0,0.0,0.0,24.29,31.97,0.0,LOW,LOW
0.0,0.0,0.0,20.5,32.25,0.0,LOW,LOW
0.0,0.0,0.0,18.42,32.48,0.0,LOW,LOW
0.0,0.0,0.0,17.21,33.97,0.0,LOW,LOW
0.0,0.0,0.0,25.5,34.1,0.0,LOW,LOW
0.0,0.0,0.0,19.12,33.5,0.0,LOW,LOW
0.0,0.0,0.0,21.21,33.23,0.0,LOW,LOW
0.0,0.0,0.0,18.42,33.07,0.0,LOW,LOW
0.0,0.0,0.0,15.96,31.65,0.0,LOW,LOW
0.0,0.0,0.0,18.54,29.42,0.0,LOW,LOW
0.0,0.0,0.0,19.08,31.05,0.0,LOW,LOW
0.0,0.0,0.0,18.46,32.73,0.0,LOW,LOW
0.0,0.0,0.0,18.46,34.26,0.0,LOW,LOW
0.0,0.0,0.0,29.17,33.21,0.0,LOW,LOW
0.5,0.5,0.3,45.96,31.07,0.0,LOW,LOW
1.4,1.9,0.8,52.29,30.1,0.0,LOW,LOW
1.8,3.7,1.8,55.54,29.32,0.0,LOW,LOW
0.4,3.6,0.4,54.5,30.64,0.0,LOW,LOW
1.4,3.6,1.3,55.54,30.68,0.0,LOW,LOW
1.0,2.8,1.0,57.83,30.25,0.0,LOW,LOW
0.0,2.4,0.0,55.75,31.05,0.0,LOW,LOW
0.0,1.0,0.0,40.92,32.98,0.0,LOW,LOW
0.0,0.0,0.0,28.25,33.7,0.0,LOW,LOW
0.0,0.0,0.0,30.88,33.8,0.0,LOW,LOW
0.0,0.0,0.0,31.83,33.89,0.0,LOW,LOW
0.0,0.0,0.0,26.04,35.86,0.0,LOW,LOW
0.0,0.0,0.0,31.79,35.27,0.0,LOW,LOW
0.0,0.0,0.0,46.08,33.89,0.0,LOW,LOW
0.0,0.0,0.0,47.83,33.6,0.0,LOW,LOW
0.0,0.0,0.0,48.33,33.88,0.0,LOW,LOW
0.0,0.0,0.0,52.38,32.62,0.0,LOW,LOW
0.0,0.0,0.0,49.71,34.05,0.0,LOW,LOW
0.0,0.0,0.0,42.38,36.07,0.0,LOW,LOW
0.0,0.0,0.0,37.71,37.09,0.0,LOW,LOW
0.0,0.0,0.0,37.83,37.06,0.0,LOW,LOW
0.0,0.0,0.0,44.67,36.21,0.0,LOW,LOW
0.0,0.0,0.0,39.0,36.95,0.0,LOW,LOW
0.0,0.0,0.0,35.62,37.82,0.0,LOW,LOW
0.0,0.0,0.0,24.75,38.29,0.0,LOW,LOW
0.0,0.0,0.0,37.12,36.25,0.0,LOW,LOW
0.0,0.0,0.0,37.75,34.98,0.0,LOW,LOW
0.0,0.0,0.0,37.33,35.67,0.0,LOW,LOW
0.0,0.0,0.0,39.71,35.42,0.0,LOW,LOW
0.0,0.0,0.0,47.17,34.84,0.0,LOW,LOW
1.2,1.2,1.2,51.67,33.44,0.0,LOW,LOW
0.0,1.2,0.0,40.33,35.17,0.0,LOW,LOW
0.0,1.2,0.0,32.0,35.74,0.0,LOW,LOW
0.0,0.0,0.0,26.83,36.02,0.0,LOW,LOW
0.0,0.0,0.0,22.17,36.43,0.0,LOW,LOW
0.0,0.0,0.0,21.88,38.13,0.0,LOW,LOW
0.0,0.0,0.0,27.21,36.99,0.0,LOW,LOW
0.0,0.0,0.0,26.67,37.83,0.0,LOW,LOW
0.0,0.0,0.0,25.58,38.93,0.0,LOW,LOW
0.0,0.0,0.0,27.25,38.28,0.0,LOW,LOW
0.0,0.0,0.0,23.62,38.93,0.0,LOW,LOW
0.0,0.0,0.0,28.96,38.99,0.0,LOW,LOW
0.0,0.0,0.0,30.92,39.53,0.0,LOW,LOW
0.0,0.0,0.0,39.04,37.41,0.0,LOW,LOW
0.4,0.4,0.4,46.62,35.06,0.0,LOW,LOW
0.9,1.3,0.2,52.5,34.29,0.1,LOW,LOW
0.8,2.1,0.7,56.04,33.58,0.0,LOW,LOW
11.1,12.8,5.4,64.96,32.55,0.0,LOW,LOW
3.0,14.9,2.7,65.33,33.11,0.0,LOW,LOW
16.9,31.0,10.4,65.0,33.15,0.0,LOW,MEDIUM
5.0,24.9,4.2,73.25,31.22,0.0,LOW,LOW
13.3,35.2,11.3,69.71,31.42,0.4,LOW,MEDIUM
8.9,27.2,4.6,76.38,31.0,0.1,LOW,LOW
3.9,26.1,1.5,83.54,29.18,0.0,LOW,LOW
14.7,27.5,3.4,85.5,28.56,1.0,LOW,LOW
58.6,77.2,16.2,89.25,27.85,16.2,MEDIUM,HIGH
80.0,153.3,11.0,93.21,27.18,0.1,MEDIUM,HIGH
27.4,166.0,3.4,92.38,27.52,0.2,MEDIUM,HIGH
10.4,117.8,3.9,84.75,28.8,0.1,MEDIUM,HIGH
44.2,82.0,11.1,91.58,27.4,2.3,LOW,HIGH
33.2,87.8,8.4,89.42,27.57,1.8,LOW,MEDIUM
12.2,89.6,2.5,88.83,27.29,0.0,LOW,HIGH
0.6,46.0,0.2,84.12,28.97,0.0,LOW,MEDIUM
0.8,13.6,0.3,82.38,30.17,0.0,LOW,LOW
5.9,7.3,4.8,83.75,30.34,0.0,LOW,LOW
19.5,26.2,6.1,84.67,29.47,0.0,LOW,MEDIUM
1.1,26.5,0.2,78.58,30.2,0.0,LOW,LOW
12.8,33.4,5.8,85.88,28.65,0.0,LOW,LOW
3.8,17.7,1.2,82.46,29.72,0.0,LOW,LOW
15.1,31.7,9.1,78.75,30.32,0.0,LOW,MEDIUM
0.3,19.2,0.1,72.38,31.41,0.0,LOW,LOW
2.5,17.9,1.5,77.38,30.35,0.0,LOW,LOW
1.8,4.6,1.4,79.17,31.0,0.0,LOW,LOW
7.6,11.9,1.6,84.79,29.56,0.0,LOW,LOW
0.7,10.1,0.6,78.58,31.3,0.0,LOW,LOW
0.8,9.1,0.2,75.21,31.05,0.0,LOW,LOW
4.1,5.6,1.6,77.42,30.22,0.0,LOW,LOW
10.3,15.2,5.0,82.96,29.81,0.0,LOW,LOW
6.1,20.5,1.8,85.0,29.68,0.0,LOW,LOW
16.5,32.9,8.4,85.21,29.53,0.0,LOW,MEDIUM
23.3,45.9,11.1,87.0,29.45,0.0,LOW,MEDIUM
3.5,43.3,2.5,84.38,30.6,0.0,LOW,MEDIUM
0.3,27.1,0.1,76.0,31.11,0.0,LOW,LOW
0.2,4.0,0.1,74.17,31.55,0.0,LOW,LOW
14.9,15.4,6.9,79.54,31.1,6.9,LOW,MEDIUM
11.9,27.0,4.7,88.29,28.45,0.4,LOW,LOW
5.1,31.9,4.2,85.58,28.87,0.0,LOW,LOW
5.0,22.0,2.2,79.83,29.1,0.0,LOW,LOW
3.1,13.2,1.4,80.12,28.55,0.0,LOW,LOW
2.6,10.7,1.3,78.0,28.82,0.0,LOW,LOW
0.2,5.9,0.1,77.0,29.27,0.0,LOW,LOW
3.0,5.8,0.8,80.42,28.9,0.0,LOW,LOW
11.1,14.3,4.0,86.38,28.13,1.5,LOW,LOW
19.6,33.7,4.1,86.0,28.0,3.0,LOW,MEDIUM
40.7,71.4,5.2,93.54,26.38,0.0,LOW,HIGH
12.8,73.1,5.9,89.5,27.33,0.0,LOW,MEDIUM
16.4,69.9,6.6,87.04,27.75,0.0,LOW,MEDIUM
6.8,36.0,2.7,85.62,28.08,0.0,LOW,LOW
4.1,27.3,1.4,86.67,28.53,0.0,LOW,LOW
20.5,31.4,5.3,89.58,28.28,0.0,LOW,MEDIUM
2.1,26.7,0.9,82.67,29.18,0.0,LOW,LOW
8.2,30.8,2.7,84.25,29.03,0.0,LOW,LOW
2.6,12.9,0.6,83.92,29.43,0.5,LOW,LOW
10.9,21.7,2.7,89.79,27.5,0.0,LOW,LOW
12.7,26.2,5.4,88.21,28.15,0.0,LOW,LOW
9.7,33.3,4.7,89.17,27.39,0.1,LOW,LOW
7.2,29.6,3.1,89.17,27.47,0.0,LOW,LOW
8.0,24.9,2.8,87.67,27.81,0.0,LOW,LOW
6.6,21.8,2.9,87.38,28.03,0.0,LOW,LOW
13.1,27.7,8.8,83.58,28.29,0.0,LOW,MEDIUM
1.0,20.7,0.4,79.46,28.68,0.0,LOW,LOW
7.9,22.0,6.0,82.96,28.18,0.0,LOW,MEDIUM
9.6,18.5,3.6,85.42,27.43,0.0,LOW,LOW
6.5,24.0,1.2,89.75,26.51,0.0,LOW,LOW
2.0,18.1,1.2,82.92,28.39,0.0,LOW,LOW
11.3,19.8,6.3,84.75,28.81,0.0,LOW,MEDIUM
1.5,14.8,0.6,83.0,29.42,0.0,LOW,LOW
14.6,27.4,4.8,86.08,28.97,0.0,LOW,LOW
0.3,16.4,0.1,79.5,28.92,0.0,LOW,LOW
0.8,15.7,0.3,79.42,29.87,0.0,LOW,LOW
2.2,3.3,1.5,84.58,28.68,0.0,LOW,LOW
5.1,8.1,2.9,88.67,27.59,0.0,LOW,LOW
4.8,12.1,3.8,86.0,27.95,0.0,LOW,LOW
0.6,10.5,0.4,81.92,29.15,0.0,LOW,LOW
2.5,7.9,1.4,82.21,29.62,0.0,LOW,LOW
7.7,10.8,3.1,86.5,28.9,0.0,LOW,LOW
4.3,14.5,1.5,84.12,29.1,0.0,LOW,LOW
57.7,69.7,13.5,87.38,27.75,0.2,MEDIUM,HIGH
57.9,119.9,22.9,88.0,26.83,0.2,MEDIUM,HIGH
1.7,117.3,0.6,82.42,27.88,0.0,MEDIUM,HIGH
0.1,59.7,0.1,82.5,26.84,0.0,LOW,MEDIUM
0.8,2.6,0.2,80.92,27.85,0.0,LOW,LOW
0.1,1.0,0.1,79.38,28.38,0.0,LOW,LOW
20.4,21.3,4.1,87.96,26.14,2.3,LOW,MEDIUM
12.6,33.1,3.1,80.29,27.9,0.0,LOW,LOW
0.0,33.0,0.0,79.92,28.0,0.0,LOW,LOW
0.0,12.6,0.0,78.92,27.65,0.0,LOW,LOW
0.0,0.0,0.0,77.33,28.53,0.0,LOW,LOW
0.0,0.0,0.0,75.96,29.68,0.0,LOW,LOW
0.0,0.0,0.0,77.5,30.09,0.0,LOW,LOW
0.0,0.0,0.0,77.54,30.03,0.0,LOW,LOW
5.3,5.3,3.3,83.42,28.41,0.0,LOW,LOW
5.5,10.8,1.3,85.04,26.76,1.3,LOW,LOW
22.6,33.4,5.4,93.83,25.59,1.7,LOW,MEDIUM
14.0,42.1,7.7,91.08,26.1,0.1,LOW,MEDIUM
9.0,45.6,3.0,88.54,26.65,0.0,LOW,MEDIUM
1.0,24.0,0.2,82.79,27.72,0.0,LOW,LOW
0.1,10.1,0.1,77.38,28.47,0.0,LOW,LOW
0.0,1.1,0.0,76.83,28.91,0.0,LOW,LOW
0.0,0.1,0.0,79.17,28.57,0.0,LOW,LOW
0.4,0.4,0.4,80.58,28.42,0.0,LOW,LOW
0.5,0.9,0.2,80.88,28.2,0.0,LOW,LOW
0.7,1.6,0.2,83.58,27.39,0.0,LOW,LOW
5.6,6.8,4.5,84.92,26.72,0.0,LOW,LOW
0.8,7.1,0.5,83.12,27.48,0.0,LOW,LOW
0.0,6.4,0.0,80.5,27.52,0.0,LOW,LOW
0.0,0.8,0.0,74.96,27.02,0.0,LOW,LOW
0.0,0.0,0.0,65.42,26.63,0.0,LOW,LOW
0.0,0.0,0.0,66.79,26.78,0.0,LOW,LOW
0.0,0.0,0.0,75.83,26.5,0.0,LOW,LOW
0.0,0.0,0.0,77.12,26.54,0.0,LOW,LOW
0.0,0.0,0.0,71.0,26.1,0.0,LOW,LOW
0.0,0.0,0.0,66.5,25.65,0.0,LOW,LOW
0.0,0.0,0.0,66.54,26.25,0.0,LOW,LOW
0.0,0.0,0.0,70.04,26.32,0.0,LOW,LOW
0.0,0.0,0.0,70.62,26.68,0.0,LOW,LOW
0.0,0.0,0.0,68.67,26.84,0.0,LOW,LOW
0.0,0.0,0.0,71.5,26.65,0.0,LOW,LOW
0.0,0.0,0.0,72.33,26.38,0.0,LOW,LOW
0.0,0.0,0.0,70.21,26.32,0.0,LOW,LOW
0.0,0.0,0.0,72.25,26.68,0.0,LOW,LOW
0.0,0.0,0.0,74.92,26.63,0.0,LOW,LOW
0.1,0.1,0.1,74.79,26.35,0.0,LOW,LOW
0.3,0.4,0.2,72.62,26.37,0.0,LOW,LOW
0.7,1.1,0.2,72.5,27.08,0.0,LOW,LOW
0.0,1.0,0.0,74.79,26.86,0.0,LOW,LOW
0.0,0.7,0.0,71.12,27.03,0.0,LOW,LOW
0.0,0.0,0.0,66.08,27.1,0.0,LOW,LOW
0.0,0.0,0.0,61.79,25.08,0.0,LOW,LOW
0.0,0.0,0.0,60.58,24.35,0.0,LOW,LOW
0.0,0.0,0.0,61.96,24.68,0.0,LOW,LOW
0.0,0.0,0.0,67.17,24.47,0.0,LOW,LOW
0.0,0.0,0.0,78.17,24.57,0.0,LOW,LOW
0.0,0.0,0.0,71.96,25.3,0.0,LOW,LOW
0.0,0.0,0.0,71.88,25.23,0.0,LOW,LOW
0.3,0.3,0.2,72.67,25.15,0.0,LOW,LOW
0.0,0.3,0.0,71.71,24.75,0.0,LOW,LOW
0.0,0.3,0.0,71.62,24.69,0.0,LOW,LOW
0.0,0.0,0.0,70.58,24.4,0.0,LOW,LOW
0.0,0.0,0.0,68.33,24.64,0.0,LOW,LOW
0.0,0.0,0.0,61.83,24.8,0.0,LOW,LOW
0.0,0.0,0.0,61.33,23.84,0.0,LOW,LOW
0.0,0.0,0.0,61.12,23.6,0.0,LOW,LOW
0.0,0.0,0.0,58.54,23.42,0.0,LOW,LOW
0.0,0.0,0.0,58.38,23.4,0.0,LOW,LOW
0.0,0.0,0.0,58.58,23.31,0.0,LOW,LOW
0.0,0.0,0.0,63.58,21.61,0.0,LOW,LOW
0.0,0.0,0.0,62.75,20.0,0.0,LOW,LOW
0.0,0.0,0.0,62.54,19.56,0.0,LOW,LOW
0.0,0.0,0.0,59.46,20.08,0.0,LOW,LOW
0.0,0.0,0.0,62.46,20.43,0.0,LOW,LOW
0.0,0.0,0.0,62.92,20.9,0.0,LOW,LOW
0.0,0.0,0.0,61.75,21.25,0.0,LOW,LOW
0.0,0.0,0.0,63.21,20.67,0.0,LOW,LOW
0.0,0.0,0.0,58.17,19.83,0.0,LOW,LOW
0.0,0.0,0.0,56.29,19.45,0.0,LOW,LOW
0.0,0.0,0.0,56.04,19.12,0.0,LOW,LOW
0.0,0.0,0.0,60.92,18.75,0.0,LOW,LOW
0.0,0.0,0.0,63.75,19.4,0.0,LOW,LOW
0.0,0.0,0.0,66.5,19.9,0.0,LOW,LOW
0.0,0.0,0.0,69.04,20.2,0.0,LOW,LOW
0.0,0.0,0.0,61.12,20.05,0.0,LOW,LOW
0.0,0.0,0.0,53.0,19.25,0.0,LOW,LOW
0.0,0.0,0.0,51.46,18.07,0.0,LOW,LOW
0.0,0.0,0.0,58.62,17.86,0.0,LOW,LOW
0.0,0.0,0.0,48.25,18.0,0.0,LOW,LOW
0.0,0.0,0.0,54.75,18.4,0.0,LOW,LOW
0.0,0.0,0.0,57.5,16.57,0.0,LOW,LOW
0.0,0.0,0.0,50.83,15.03,0.0,LOW,LOW
0.0,0.0,0.0,59.58,14.92,0.0,LOW,LOW
0.0,0.0,0.0,55.21,14.95,0.0,LOW,LOW
0.0,0.0,0.0,57.92,14.42,0.0,LOW,LOW
0.0,0.0,0.0,65.17,14.75,0.0,LOW,LOW
0.0,0.0,0.0,65.58,16.01,0.0,LOW,LOW
0.0,0.0,0.0,67.58,16.62,0.0,LOW,LOW
0.0,0.0,0.0,67.71,16.98,0.0,LOW,LOW
0.0,0.0,0.0,67.42,16.86,0.0,LOW,LOW
0.0,0.0,0.0,68.33,17.12,0.0,LOW,LOW
0.0,0.0,0.0,64.92,17.0,0.0,LOW,LOW
0.0,0.0,0.0,58.38,16.82,0.0,LOW,LOW
0.0,0.0,0.0,54.21,17.53,0.0,LOW,LOW
3.0,3.0,1.2,73.79,16.79,0.1,LOW,LOW
1.1,4.1,0.7,80.38,18.13,0.0,LOW,LOW
0.0,4.1,0.0,76.5,18.6,0.0,LOW,LOW
0.0,1.1,0.0,70.67,19.35,0.0,LOW,LOW
0.5,0.5,0.3,76.92,18.58,0.0,LOW,LOW
0.3,0.8,0.2,86.46,17.3,0.0,LOW,LOW
0.0,0.8,0.0,83.0,15.77,0.0,LOW,LOW
0.0,0.3,0.0,81.08,14.1,0.0,LOW,LOW
0.0,0.0,0.0,80.5,12.9,0.0,LOW,LOW
0.0,0.0,0.0,82.38,13.23,0.0,LOW,LOW
0.0,0.0,0.0,86.75,13.48,0.0,LOW,LOW
0.0,0.0,0.0,90.29,12.52,0.0,LOW,LOW
0.0,0.0,0.0,90.54,12.3,0.0,LOW,LOW
0.0,0.0,0.0,90.29,13.53,0.0,LOW,LOW
0.0,0.0,0.0,86.88,14.0,0.0,LOW,LOW
0.0,0.0,0.0,83.42,13.07,0.0,LOW,LOW
0.0,0.0,0.0,82.92,13.47,0.0,LOW,LOW
0.0,0.0,0.0,83.58,13.23,0.0,LOW,LOW
0.0,0.0,0.0,84.08,14.1,0.0,LOW,LOW
0.4,0.4,0.4,83.79,15.11,0.0,LOW,LOW
0.0,0.4,0.0,87.38,14.89,0.0,LOW,LOW
0.0,0.4,0.0,82.62,15.12,0.0,LOW,LOW
0.0,0.0,0.0,85.71,13.93,0.0,LOW,LOW
0.3,0.3,0.2,83.33,14.03,0.0,LOW,LOW
0.0,0.3,0.0,82.04,14.83,0.0,LOW,LOW
0.0,0.3,0.0,84.29,14.29,0.0,LOW,LOW
0.0,0.0,0.0,81.96,15.12,0.0,LOW,LOW
0.0,0.0,0.0,79.42,17.99,0.0,LOW,LOW
0.0,0.0,0.0,78.62,17.7,0.0,LOW,LOW
0.0,0.0,0.0,78.79,17.0,0.0,LOW,LOW
0.0,0.0,0.0,80.04,16.88,0.0,LOW,LOW
0.0,0.0,0.0,71.54,16.53,0.0,LOW,LOW
0.0,0.0,0.0,68.71,15.52,0.0,LOW,LOW
0.0,0.0,0.0,72.5,14.91,0.0,LOW,LOW
0.0,0.0,0.0,79.29,14.52,0.0,LOW,LOW
0.0,0.0,0.0,74.04,15.3,0.0,LOW,LOW
0.0,0.0,0.0,76.25,15.7,0.0,LOW,LOW
0.0,0.0,0.0,76.67,16.58,0.0,LOW,LOW
0.0,0.0,0.0,73.88,18.04,0.0,LOW,LOW
0.0,0.0,0.0,71.38,19.14,0.0,LOW,LOW
0.0,0.0,0.0,63.33,19.4,0.0,LOW,LOW
0.0,0.0,0.0,65.83,18.71,0.0,LOW,LOW
0.0,0.0,0.0,64.25,19.46,0.0,LOW,LOW
0.0,0.0,0.0,60.83,20.28,0.0,LOW,LOW
0.0,0.0,0.0,48.96,17.54,0.0,LOW,LOW
0.0,0.0,0.0,50.71,16.54,0.0,LOW,LOW
0.0,0.0,0.0,53.17,17.08,0.0,LOW,LOW
0.0,0.0,0.0,55.38,18.67,0.0,LOW,LOW
0.0,0.0,0.0,55.25,19.8,0.0,LOW,LOW
0.0,0.0,0.0,49.38,21.09,0.0,LOW,LOW
0.0,0.0,0.0,47.75,21.58,0.0,LOW,LOW
0.0,0.0,0.0,41.46,19.61,0.0,LOW,LOW
0.0,0.0,0.0,40.79,19.2,0.0,LOW,LOW
0.0,0.0,0.0,44.71,20.69,0.0,LOW,LOW
0.0,0.0,0.0,53.54,21.51,0.0,LOW,LOW
0.0,0.0,0.0,56.88,22.06,0.0,LOW,LOW
0.0,0.0,0.0,55.29,21.95,0.0,LOW,LOW
0.0,0.0,0.0,48.5,21.85,0.0,LOW,LOW
0.0,0.0,0.0,48.04,22.26,0.0,LOW,LOW
0.0,0.0,0.0,55.12,22.63,0.0,LOW,LOW
0.0,0.0,0.0,60.08,21.39,0.0,LOW,LOW
0.0,0.0,0.0,56.83,20.56,0.0,LOW,LOW
0.0,0.0,0.0,55.29,21.02,0.0,LOW,LOW
0.0,0.0,0.0,49.08,21.22,0.0,LOW,LOW
0.0,0.0,0.0,54.21,22.31,0.0,LOW,LOW
0.0,0.0,0.0,58.42,23.64,0.0,LOW,LOW
0.0,0.0,0.0,59.83,24.9,0.0,LOW,LOW
0.0,0.0,0.0,62.12,23.33,0.0,LOW,LOW
0.0,0.0,0.0,57.67,23.34,0.0,LOW,LOW
0.0,0.0,0.0,44.79,22.3,0.0,LOW,LOW
0.0,0.0,0.0,44.5,23.45,0.0,LOW,LOW
0.0,0.0,0.0,43.17,20.0,0.0,LOW,LOW
0.0,0.0,0.0,39.42,19.9,0.0,LOW,LOW
0.0,0.0,0.0,46.83,21.5,0.0,LOW,LOW
0.0,0.0,0.0,42.58,22.87,0.0,LOW,LOW
0.0,0.0,0.0,44.79,23.95,0.0,LOW,LOW
0.0,0.0,0.0,45.08,24.8,0.0,LOW,LOW
0.0,0.0,0.0,45.92,26.41,0.0,LOW,LOW
0.0,0.0,0.0,42.67,27.52,0.0,LOW,LOW
0.0,0.0,0.0,45.92,27.02,0.0,LOW,LOW
0.0,0.0,0.0,43.46,27.91,0.0,LOW,LOW
0.3,0.3,0.3,41.17,28.66,0.0,LOW,LOW
0.0,0.3,0.0,40.25,27.37,0.0,LOW,LOW
0.0,0.3,0.0,37.75,26.4,0.0,LOW,LOW
0.0,0.0,0.0,38.96,24.37,0.0,LOW,LOW
0.0,0.0,0.0,40.17,25.2,0.0,LOW,LOW
0.0,0.0,0.0,35.67,26.87,0.0,LOW,LOW
0.0,0.0,0.0,32.12,26.66,0.0,LOW,LOW
0.0,0.0,0.0,28.75,25.91,0.0,LOW,LOW
0.0,0.0,0.0,33.21,25.8,0.0,LOW,LOW
0.0,0.0,0.0,36.88,26.6,0.0,LOW,LOW
0.0,0.0,0.0,36.88,27.54,0.0,LOW,LOW
0.0,0.0,0.0,34.83,29.09,0.0,LOW,LOW
0.0,0.0,0.0,28.17,30.8,0.0,LOW,LOW
0.0,0.0,0.0,25.67,30.09,0.0,LOW,LOW
0.0,0.0,0.0,19.75,26.11,0.0,LOW,LOW
0.0,0.0,0.0,21.33,26.31,0.0,LOW,LOW
0.0,0.0,0.0,21.38,27.63,0.0,LOW,LOW
0.0,0.0,0.0,18.0,28.41,0.0,LOW,LOW
0.0,0.0,0.0,17.17,28.96,0.0,LOW,LOW
0.0,0.0,0.0,19.25,29.87,0.0,LOW,LOW
0.0,0.0,0.0,20.67,30.57,0.0,LOW,LOW
0.0,0.0,0.0,18.42,30.38,0.0,LOW,LOW
0.0,0.0,0.0,20.08,30.76,0.0,LOW,LOW
0.0,0.0,0.0,19.71,31.93,0.0,LOW,LOW
0.0,0.0,0.0,32.29,32.33,0.0,LOW,LOW
0.4,0.4,0.4,34.62,32.55,0.0,LOW,LOW
0.0,0.4,0.0,50.08,29.73,0.0,LOW,LOW
0.1,0.5,0.1,57.88,27.51,0.0,LOW,LOW
1.1,1.2,0.7,55.96,28.04,0.0,LOW,LOW
0.6,1.8,0.5,53.88,27.72,0.0,LOW,LOW
0.0,1.7,0.0,55.79,27.28,0.0,LOW,LOW
0.0,0.6,0.0,49.33,29.06,0.0,LOW,LOW
0.0,0.0,0.0,41.29,30.71,0.0,LOW,LOW
0.0,0.0,0.0,42.79,31.24,0.0,LOW,LOW
0.0,0.0,0.0,51.29,31.15,0.0,LOW,LOW
0.0,0.0,0.0,53.0,30.68,0.0,LOW,LOW
0.0,0.0,0.0,45.67,32.81,0.0,LOW,LOW
0.0,0.0,0.0,36.5,34.71,0.0,LOW,LOW
0.0,0.0,0.0,24.79,33.39,0.0,LOW,LOW
0.0,0.0,0.0,18.54,32.53,0.0,LOW,LOW
0.0,0.0,0.0,15.46,33.44,0.0,LOW,LOW
0.0,0.0,0.0,16.75,34.19,0.0,LOW,LOW
0.0,0.0,0.0,16.92,34.62,0.0,LOW,LOW
0.0,0.0,0.0,19.79,33.31,0.0,LOW,LOW
0.0,0.0,0.0,41.83,30.16,0.0,LOW,LOW
0.4,0.4,0.4,46.5,30.03,0.0,LOW,LOW
0.0,0.4,0.0,44.54,30.12,0.0,LOW,LOW
0.0,0.4,0.0,47.5,29.77,0.0,LOW,LOW
0.0,0.0,0.0,43.21,30.87,0.0,LOW,LOW
0.0,0.0,0.0,39.92,32.07,0.0,LOW,LOW
1.5,1.5,1.5,50.92,29.7,0.0,LOW,LOW
0.1,1.6,0.1,48.75,30.68,0.0,LOW,LOW
0.0,1.6,0.0,57.71,29.19,0.0,LOW,LOW
0.4,0.5,0.4,53.17,30.15,0.0,LOW,LOW
0.0,0.4,0.0,45.46,31.44,0.0,LOW,LOW
1.2,1.6,1.2,45.88,31.26,0.0,LOW,LOW
1.3,2.5,1.3,44.0,32.67,0.0,LOW,LOW
2.1,4.6,1.7,47.04,32.3,0.0,LOW,LOW
0.0,3.4,0.0,36.21,33.86,0.0,LOW,LOW
0.0,2.1,0.0,28.33,35.01,0.0,LOW,LOW
0.0,0.0,0.0,24.5,35.53,0.0,LOW,LOW
0.0,0.0,0.0,23.29,36.18,0.0,LOW,LOW
0.0,0.0,0.0,28.79,36.2,0.0,LOW,LOW
0.0,0.0,0.0,41.21,34.81,0.0,LOW,LOW
0.0,0.0,0.0,46.88,33.72,0.0,LOW,LOW
0.0,0.0,0.0,50.88,32.99,0.0,LOW,LOW
1.5,1.5,1.5,55.42,32.93,0.0,LOW,LOW
0.1,1.6,0.1,54.71,32.82,0.0,LOW,LOW
0.0,1.6,0.0,64.29,29.82,0.0,LOW,LOW
0.0,0.1,0.0,60.58,30.99,0.0,LOW,LOW
8.8,8.8,6.3,62.17,30.71,0.0,LOW,MEDIUM
0.0,8.8,0.0,52.5,32.74,0.0,LOW,LOW
0.3,9.1,0.3,53.62,33.1,0.0,LOW,LOW
0.0,0.3,0.0,55.88,32.86,0.0,LOW,LOW
0.3,0.6,0.3,52.42,33.85,0.0,LOW,LOW
3.9,4.2,3.8,53.17,33.91,0.0,LOW,LOW
0.1,4.3,0.1,56.0,33.45,0.0,LOW,LOW
0.0,4.0,0.0,45.5,34.55,0.0,LOW,LOW
0.0,0.1,0.0,36.92,34.58,0.0,LOW,LOW
0.1,0.1,0.1,38.21,33.46,0.0,LOW,LOW
0.4,0.5,0.3,45.79,31.07,0.0,LOW,LOW
0.0,0.5,0.0,53.96,30.94,0.0,LOW,LOW
0.0,0.4,0.0,53.42,30.82,0.0,LOW,LOW
0.0,0.0,0.0,45.21,32.61,0.0,LOW,LOW
0.0,0.0,0.0,37.62,34.5,0.0,LOW,LOW
0.0,0.0,0.0,36.54,35.91,0.0,LOW,LOW
0.1,0.1,0.1,37.12,36.9,0.0,LOW,LOW
0.0,0.1,0.0,38.04,37.55,0.0,LOW,LOW
0.1,0.2,0.1,42.38,37.13,0.0,LOW,LOW
2.6,2.7,1.6,49.79,35.6,0.0,LOW,LOW
0.0,2.7,0.0,49.79,36.19,0.0,LOW,LOW
0.2,2.8,0.2,47.29,37.1,0.0,LOW,LOW
0.0,0.2,0.0,57.83,34.22,0.0,LOW,LOW
10.9,11.1,6.0,69.29,31.94,3.7,LOW,MEDIUM
16.4,27.3,12.9,75.58,30.8,2.2,LOW,HIGH
2.5,29.8,1.7,76.79,30.3,0.0,LOW,LOW
31.9,50.8,10.0,80.29,30.41,0.9,LOW,MEDIUM
8.7,43.1,3.6,81.25,29.28,0.0,LOW,MEDIUM
2.4,43.0,2.0,75.38,30.62,2.0,LOW,MEDIUM
4.9,16.0,1.9,83.46,29.38,1.9,LOW,LOW
3.0,10.3,0.9,84.83,28.99,0.0,LOW,LOW
0.9,8.8,0.2,79.12,30.34,0.1,LOW,LOW
1.4,5.3,0.5,75.71,30.42,0.0,LOW,LOW
0.5,2.8,0.3,72.42,30.93,0.0,LOW,LOW
2.0,3.9,1.4,71.62,31.03,0.0,LOW,LOW
3.8,6.3,1.3,80.25,29.91,0.1,LOW,LOW
10.4,16.2,2.6,86.12,28.75,2.6,LOW,LOW
38.7,52.9,9.3,91.67,27.54,0.3,LOW,HIGH
15.5,64.6,5.1,86.75,28.3,3.2,LOW,MEDIUM
7.6,61.8,3.0,82.71,29.26,0.1,LOW,MEDIUM
9.4,32.5,3.9,82.21,29.43,0.0,LOW,LOW
4.2,21.2,1.8,83.17,29.56,0.0,LOW,LOW
3.2,16.8,1.7,85.08,29.34,0.0,LOW,LOW
1.6,9.0,0.6,81.42,30.0,0.0,LOW,LOW
5.3,10.1,4.1,76.21,31.11,0.0,LOW,LOW
0.6,7.5,0.2,77.54,30.88,0.0,LOW,LOW
8.4,14.3,4.6,86.58,28.23,0.0,LOW,LOW
1.5,10.5,0.8,81.38,29.77,0.0,LOW,LOW
11.0,20.9,6.5,81.92,29.38,0.0,LOW,MEDIUM
27.7,40.2,10.9,85.75,28.6,2.0,LOW,MEDIUM
7.4,46.1,4.6,84.46,28.88,0.0,LOW,MEDIUM
4.7,39.8,1.9,83.04,28.99,0.0,LOW,LOW
0.2,12.3,0.1,81.04,29.65,0.0,LOW,LOW
7.1,12.0,2.7,83.38,28.62,0.1,LOW,LOW
7.8,15.1,3.3,82.25,27.8,0.0,LOW,LOW
4.3,19.2,1.8,80.62,29.07,0.0,LOW,LOW
0.0,12.1,0.0,75.21,29.95,0.0,LOW,LOW
3.8,8.1,1.4,78.58,29.57,0.1,LOW,LOW
0.5,4.3,0.2,80.5,29.73,0.0,LOW,LOW
0.6,4.9,0.1,75.25,30.78,0.0,LOW,LOW
6.6,7.7,2.8,78.12,30.58,0.0,LOW,LOW
0.1,7.3,0.1,74.5,31.61,0.0,LOW,LOW
5.4,12.1,4.8,77.29,31.13,0.0,LOW,LOW
6.9,12.4,3.5,80.67,30.02,0.0,LOW,LOW
1.1,13.4,0.2,76.38,30.17,0.0,LOW,LOW
6.1,14.1,1.9,87.17,28.55,0.1,LOW,LOW
6.8,14.0,1.8,90.21,27.89,0.1,LOW,LOW
24.9,37.8,4.7,90.38,27.85,0.0,LOW,MEDIUM
6.7,38.4,4.0,88.38,28.29,0.0,LOW,LOW
7.4,39.0,4.4,87.54,28.61,1.8,LOW,LOW
15.3,29.4,3.4,88.83,28.43,0.8,LOW,LOW
40.8,63.5,9.4,95.33,27.04,1.4,LOW,HIGH
66.8,122.9,20.8,92.88,26.53,0.0,MEDIUM,HIGH
6.7,114.3,3.1,90.0,27.1,0.2,MEDIUM,HIGH
18.9,92.4,4.4,88.83,27.63,4.1,LOW,HIGH
12.2,37.8,5.4,84.12,28.97,1.2,LOW,LOW
22.1,53.2,5.4,91.5,27.42,0.6,LOW,MEDIUM
2.1,36.4,0.5,85.08,28.35,0.0,LOW,LOW
3.3,27.5,2.2,85.79,28.79,0.0,LOW,LOW
11.9,17.3,4.7,91.17,28.05,0.0,LOW,LOW
3.8,19.0,1.3,84.5,29.43,0.0,LOW,LOW
12.7,28.4,6.3,86.33,29.03,0.6,LOW,MEDIUM
11.0,27.5,3.6,85.92,28.51,0.0,LOW,LOW
0.0,23.7,0.0,79.58,29.69,0.0,LOW,LOW
0.3,11.3,0.1,80.17,30.05,0.0,LOW,LOW
4.9,5.2,4.3,83.5,29.58,0.0,LOW,LOW
1.6,6.8,1.3,82.58,29.32,0.0,LOW,LOW
0.7,7.2,0.3,79.96,29.65,0.0,LOW,LOW
5.2,7.5,3.7,80.04,29.19,0.0,LOW,LOW
5.3,11.2,2.2,82.29,29.0,0.0,LOW,LOW
6.7,17.2,3.9,85.88,28.12,0.1,LOW,LOW
0.7,12.7,0.1,85.58,28.08,0.0,LOW,LOW
4.9,12.3,1.6,84.79,28.0,0.3,LOW,LOW
8.2,13.8,5.6,88.29,27.32,0.0,LOW,LOW
2.9,16.0,0.8,86.38,28.75,0.0,LOW,LOW
0.9,12.0,0.3,81.54,29.62,0.0,LOW,LOW
1.2,5.0,0.3,84.08,29.38,0.0,LOW,LOW
1.1,3.2,0.4,83.33,29.18,0.0,LOW,LOW
2.0,4.3,1.0,84.0,28.77,0.0,LOW,LOW
23.3,26.4,6.0,89.17,27.75,1.4,LOW,MEDIUM
15.6,40.9,4.7,89.92,27.47,0.0,LOW,LOW
6.9,45.8,4.0,90.0,27.19,0.0,LOW,MEDIUM
1.5,24.0,0.6,84.25,28.7,0.0,LOW,LOW
7.2,15.6,3.4,79.29,28.9,0.0,LOW,LOW
1.5,10.2,1.1,81.79,28.57,0.0,LOW,LOW
0.5,9.2,0.3,83.75,28.95,0.0,LOW,LOW
8.7,10.7,8.0,83.62,29.25,8.0,LOW,MEDIUM
2.4,11.6,1.8,82.83,28.98,0.0,LOW,LOW
0.9,12.0,0.7,81.58,29.52,0.0,LOW,LOW
0.2,3.5,0.1,70.17,30.89,0.0,LOW,LOW
0.0,1.1,0.0,66.42,30.54,0.0,LOW,LOW
1.6,1.8,0.6,68.46,30.55,0.0,LOW,LOW
0.9,2.5,0.3,67.17,31.18,0.0,LOW,LOW
1.7,4.2,0.6,69.83,30.98,0.0,LOW,LOW
1.4,4.0,0.5,79.25,29.0,0.0,LOW,LOW
10.2,13.3,2.9,86.21,27.35,0.0,LOW,LOW
4.1,15.7,1.5,87.42,27.19,0.0,LOW,LOW
13.3,27.6,8.5,92.21,26.4,0.0,LOW,MEDIUM
9.6,27.0,6.6,89.25,27.16,0.0,LOW,MEDIUM
1.3,24.2,0.5,84.54,28.57,0.0,LOW,LOW
0.1,11.0,0.1,77.71,29.16,0.0,LOW,LOW
0.8,2.2,0.4,77.54,29.36,0.0,LOW,LOW
0.0,0.9,0.0,76.62,29.83,0.0,LOW,LOW
0.0,0.8,0.0,73.75,30.68,0.0,LOW,LOW
1.3,1.3,0.5,75.04,30.47,0.0,LOW,LOW
0.0,1.3,0.0,63.83,32.65,0.0,LOW,LOW
1.1,2.4,0.6,70.83,31.11,0.1,LOW,LOW
0.2,1.3,0.1,67.92,31.08,0.0,LOW,LOW
1.0,2.3,0.2,71.29,30.59,0.0,LOW,LOW
0.8,2.0,0.7,70.67,30.78,0.7,LOW,LOW
18.4,20.2,14.7,73.38,29.0,0.0,LOW,HIGH
0.9,20.1,0.5,81.54,27.37,0.0,LOW,LOW
7.4,26.7,6.2,80.88,27.36,0.0,LOW,MEDIUM
0.0,8.3,0.0,75.83,28.34,0.0,LOW,LOW
0.2,7.6,0.1,68.62,29.38,0.0,LOW,LOW
1.4,1.6,0.6,66.54,28.9,0.0,LOW,LOW
0.5,2.1,0.2,78.0,26.8,0.0,LOW,LOW
3.2,5.1,1.2,75.75,26.32,0.0,LOW,LOW
0.0,3.7,0.0,64.04,27.25,0.0,LOW,LOW
0.0,3.2,0.0,57.21,26.68,0.0,LOW,LOW
0.0,0.0,0.0,49.5,26.5,0.0,LOW,LOW
0.0,0.0,0.0,50.75,26.45,0.0,LOW,LOW
0.0,0.0,0.0,49.71,26.23,0.0,LOW,LOW
0.0,0.0,0.0,52.12,26.61,0.0,LOW,LOW
0.0,0.0,0.0,57.75,26.36,0.0,LOW,LOW
0.0,0.0,0.0,54.54,26.97,0.0,LOW,LOW
0.0,0.0,0.0,54.33,27.41,0.0,LOW,LOW
0.0,0.0,0.0,58.25,27.75,0.0,LOW,LOW
0.0,0.0,0.0,63.67,27.87,0.0,LOW,LOW
0.0,0.0,0.0,66.54,27.35,0.0,LOW,LOW
0.0,0.0,0.0,63.58,27.84,0.0,LOW,LOW
0.0,0.0,0.0,65.58,28.13,0.0,LOW,LOW
0.0,0.0,0.0,58.42,28.59,0.0,LOW,LOW
0.0,0.0,0.0,54.88,28.44,0.0,LOW,LOW
0.0,0.0,0.0,45.5,28.23,0.0,LOW,LOW
0.0,0.0,0.0,47.54,27.77,0.0,LOW,LOW
1.0,1.0,0.6,61.25,25.4,0.0,LOW,LOW
5.2,6.2,1.8,80.5,22.1,0.0,LOW,LOW
0.0,6.2,0.0,76.17,24.44,0.0,LOW,LOW
28.8,34.0,7.1,89.17,22.87,0.2,LOW,MEDIUM
2.9,31.7,0.8,86.83,23.47,0.0,LOW,LOW
0.1,31.8,0.1,83.58,25.02,0.0,LOW,LOW
0.0,3.0,0.0,71.38,24.47,0.0,LOW,LOW
0.0,0.1,0.0,64.54,23.61,0.0,LOW,LOW
0.0,0.0,0.0,65.0,23.7,0.0,LOW,LOW
0.0,0.0,0.0,67.62,24.76,0.0,LOW,LOW
0.0,0.0,0.0,60.08,23.71,0.0,LOW,LOW
0.0,0.0,0.0,53.83,21.57,0.0,LOW,LOW
0.0,0.0,0.0,58.71,21.69,0.0,LOW,LOW
0.0,0.0,0.0,53.38,21.18,0.0,LOW,LOW
0.0,0.0,0.0,54.46,20.97,0.0,LOW,LOW
0.0,0.0,0.0,51.83,20.9,0.0,LOW,LOW
0.0,0.0,0.0,51.29,20.9,0.0,LOW,LOW
0.0,0.0,0.0,50.79,20.92,0.0,LOW,LOW
0.0,0.0,0.0,51.54,20.4,0.0,LOW,LOW
0.0,0.0,0.0,55.0,19.65,0.0,LOW,LOW
0.0,0.0,0.0,56.96,20.18,0.0,LOW,LOW
0.0,0.0,0.0,59.92,20.9,0.0,LOW,LOW
0.0,0.0,0.0,58.38,21.55,0.0,LOW,LOW
0.0,0.0,0.0,57.71,21.42,0.0,LOW,LOW
0.0,0.0,0.0,63.29,21.18,0.0,LOW,LOW
0.0,0.0,0.0,66.42,21.47,0.0,LOW,LOW
0.0,0.0,0.0,63.96,21.19,0.0,LOW,LOW
0.0,0.0,0.0,63.67,20.15,0.0,LOW,LOW
0.0,0.0,0.0,63.25,19.47,0.0,LOW,LOW
0.0,0.0,0.0,63.67,18.73,0.0,LOW,LOW
0.0,0.0,0.0,56.12,18.64,0.0,LOW,LOW
0.0,0.0,0.0,61.46,19.07,0.0,LOW,LOW
0.0,0.0,0.0,62.46,19.29,0.0,LOW,LOW
0.0,0.0,0.0,60.42,19.4,0.0,LOW,LOW
0.0,0.0,0.0,57.29,19.86,0.0,LOW,LOW
0.0,0.0,0.0,55.58,18.44,0.0,LOW,LOW
0.0,0.0,0.0,54.96,18.6,0.0,LOW,LOW
0.0,0.0,0.0,63.21,19.84,0.0,LOW,LOW
0.0,0.0,0.0,57.17,17.18,0.0,LOW,LOW
0.0,0.0,0.0,57.62,16.51,0.0,LOW,LOW
0.0,0.0,0.0,59.54,16.77,0.0,LOW,LOW
0.0,0.0,0.0,63.25,17.42,0.0,LOW,LOW
0.0,0.0,0.0,65.5,17.45,0.0,LOW,LOW
0.0,0.0,0.0,60.08,17.78,0.0,LOW,LOW
0.0,0.0,0.0,60.17,17.62,0.0,LOW,LOW
0.0,0.0,0.0,68.21,17.55,0.0,LOW,LOW
0.0,0.0,0.0,68.92,17.55,0.0,LOW,LOW
0.0,0.0,0.0,67.92,18.0,0.0,LOW,LOW
0.0,0.0,0.0,67.79,18.12,0.0,LOW,LOW
0.0,0.0,0.0,70.88,17.78,0.0,LOW,LOW
0.0,0.0,0.0,73.83,17.33,0.0,LOW,LOW
0.0,0.0,0.0,79.04,16.35,0.0,LOW,LOW
0.0,0.0,0.0,83.54,15.39,0.0,LOW,LOW
0.0,0.0,0.0,87.25,13.83,0.0,LOW,LOW
0.0,0.0,0.0,82.0,13.45,0.0,LOW,LOW
0.0,0.0,0.0,82.33,13.39,0.0,LOW,LOW
0.0,0.0,0.0,82.38,14.5,0.0,LOW,LOW
0.0,0.0,0.0,87.54,14.95,0.0,LOW,LOW
0.0,0.0,0.0,84.04,15.61,0.0,LOW,LOW
0.0,0.0,0.0,82.38,14.18,0.0,LOW,LOW
0.0,0.0,0.0,82.54,14.46,0.0,LOW,LOW
0.0,0.0,0.0,81.29,14.81,0.0,LOW,LOW
0.0,0.0,0.0,85.29,14.05,0.0,LOW,LOW
0.0,0.0,0.0,85.67,13.22,0.0,LOW,LOW
0.0,0.0,0.0,87.92,12.44,0.0,LOW,LOW
0.0,0.0,0.0,87.62,12.45,0.0,LOW,LOW
